TOWN#ADJ,TOWN#,TRACT,train,fold,LON,LAT,MEDV,CMEDV,CRIM,ZN,INDUS,CHAS,NOX,RM,AGE,DIS,RAD,TAX,PTRATIO,B,LSTAT,LOG_NOX,log_MEDV,ln_1000MEDV,ln_MEDV
8,8,2111,1,1,-70.951,42.334,19.7,19.7,0.08873,21,5.64,0,0.439,5.963,45.7,6.8147,4,243,16.8,395.56,13.45,-0.35753548,1.294466226,9.888373915,2.980618636
8,8,2112,1,1,-70.963,42.3382,20.5,20.5,0.04337,21,5.64,0,0.439,6.115,63,6.8147,4,243,16.8,393.97,9.43,-0.35753548,1.311753861,9.928180165,3.020424886
8,8,2113,1,1,-70.958,42.346,25,25,0.0536,21,5.64,0,0.439,6.511,21.1,6.8147,4,243,16.8,396.9,5.28,-0.35753548,1.397940009,10.1266311,3.218875825
8,8,2114,1,1,-70.978,42.3425,23.4,23.4,0.04981,21,5.64,0,0.439,5.998,21.4,6.8147,4,243,16.8,396.9,8.43,-0.35753548,1.369215857,10.0604913,3.152736022
9,9,2121,1,1,-71.0175,42.3715,18.9,18.9,0.0136,75,4,0,0.41,5.888,47.6,7.3197,3,469,21.1,396.9,14.8,-0.387216143,1.276461804,9.846917201,2.939161922
58,58,4161,1,1,-71.0465,42.145,36.1,36.1,0.05515,33,2.18,0,0.472,7.236,41.1,4.022,7,222,18.4,393.68,6.93,-0.326058001,1.557507202,10.49404814,3.586292865
58,58,4162,1,1,-71.057,42.1525,28.4,28.4,0.05479,33,2.18,0,0.472,6.616,58.1,3.37,7,222,18.4,393.36,8.93,-0.326058001,1.45331834,10.25414442,3.346389145
58,58,4163,1,1,-71.045,42.159,33.4,33.4,0.07503,33,2.18,0,0.472,7.42,71.9,3.0992,7,222,18.4,396.9,6.47,-0.326058001,1.523746467,10.41631118,3.5085559
58,58,4164,1,1,-71.028,42.1565,28.2,28.2,0.04932,33,2.18,0,0.472,6.849,70.3,3.1827,7,222,18.4,396.9,7.53,-0.326058001,1.450249108,10.24707726,3.339321978
63,63,4221,1,1,-70.9795,42.0995,22.2,22.2,0.05083,0,5.19,0,0.515,6.316,38.1,6.4584,5,224,20.2,389.71,5.68,-0.288192771,1.346352974,10.00784757,3.100092289
63,63,4222,1,1,-70.965,42.101,20.7,20.7,0.03738,0,5.19,0,0.515,6.31,38.5,6.4584,5,224,20.2,389.4,6.75,-0.288192771,1.315970345,9.937888979,3.0301337
63,63,4223,1,1,-70.97,42.115,21.1,21.1,0.03961,0,5.19,0,0.515,6.037,34.5,5.9853,5,224,20.2,396.9,8.01,-0.288192771,1.324282455,9.957028319,3.04927304
63,63,4224,1,1,-70.976,42.128,19.5,19.5,0.03427,0,5.19,0,0.515,5.869,46.3,5.2311,5,224,20.2,396.9,9.8,-0.288192771,1.290034611,9.878169745,2.970414466
63,63,4225,1,1,-70.9602,42.127,18.5,18.5,0.03041,0,5.19,0,0.515,5.895,59.6,5.615,5,224,20.2,394.81,10.56,-0.288192771,1.267171728,9.825526011,2.917770732
63,63,4226,1,1,-70.9633,42.1374,20.6,20.6,0.03306,0,5.19,0,0.515,6.059,37.3,4.8122,5,224,20.2,396.14,8.51,-0.288192771,1.31386722,9.933046355,3.025291076
63,63,4227,1,1,-70.9675,42.144,19,19,0.05497,0,5.19,0,0.515,5.985,45.4,4.8122,5,224,20.2,396.9,9.74,-0.288192771,1.278753601,9.852194258,2.944438979
63,63,4228,1,1,-70.965,42.1503,18.7,18.7,0.06151,0,5.19,0,0.515,5.968,58.5,4.8122,5,224,20.2,396.9,9.29,-0.288192771,1.271841607,9.836278803,2.928523524
64,64,4231,1,1,-70.8875,42.1465,32.7,32.7,0.01301,35,1.52,0,0.442,7.241,49.3,7.0379,1,284,15.5,394.74,5.49,-0.354577731,1.514547753,10.39513036,3.487375078
65,65,5001,1,1,-70.915,42.16,16.5,16.5,0.02498,0,1.89,0,0.518,6.54,59.7,6.2669,1,422,15.9,389.96,8.65,-0.28567024,1.217483944,9.71111566,2.803360381
72,72,5071,1,1,-70.83,42.0485,30.1,30.1,0.01709,90,2.02,0,0.41,6.728,36.1,12.1265,5,187,17,384.46,4.5,-0.387216143,1.478566496,10.31228045,3.404525172
86.1,86,1202,1,1,-71.055,42.183,13.8,13.8,8.05579,0,18.1,0,0.584,5.427,95.4,2.4298,24,666,20.2,352.58,18.14,-0.233587153,1.139879086,9.532423871,2.624668592
86.1,86,1203,1,1,-71.0511,42.1879,13.3,13.3,6.39312,0,18.1,0,0.584,6.162,97.4,2.206,24,666,20.2,302.76,24.1,-0.233587153,1.123851641,9.495519314,2.587764035
86.2,86,1201,1,1,-71.0732,42.184,29.8,29.8,4.64689,0,18.1,0,0.614,6.98,67.6,2.5329,24,666,20.2,374.68,11.66,-0.211831629,1.474216264,10.30226367,3.394508394
86.2,86,1204,1,1,-71.0565,42.188,16.7,16.7,4.87141,0,18.1,0,0.614,6.484,93.6,2.3053,24,666,20.2,396.21,18.68,-0.211831629,1.222716471,9.723163998,2.815408719
86.2,86,1205,1,1,-71.0528,42.192,12,12,15.0234,0,18.1,0,0.614,5.304,97.3,2.1007,24,666,20.2,349.48,24.91,-0.211831629,1.079181246,9.392661929,2.48490665
86.2,86,1206,1,1,-71.0558,42.1913,14.6,14.6,10.233,0,18.1,0,0.614,6.185,96.7,2.1705,24,666,20.2,379.7,18.03,-0.211831629,1.164352856,9.588776808,2.681021529
86.2,86,1207,1,1,-71.067,42.1945,21.4,21.4,14.3337,0,18.1,0,0.614,6.229,88,1.9512,24,666,20.2,383.32,13.11,-0.211831629,1.330413773,9.971146201,3.063390922
87,87,1301,1,1,-71.1008,42.174,23,23,5.82401,0,18.1,0,0.532,6.242,64.7,3.4242,24,666,20.2,396.9,10.74,-0.274088368,1.361727836,10.04324949,3.135494216
87,87,1302,1,1,-71.095,42.173,23.7,23.7,5.70818,0,18.1,0,0.532,6.75,74.9,3.3317,24,666,20.2,393.07,7.74,-0.274088368,1.374748346,10.07323033,3.165475048
87,87,1303,1,1,-71.09,42.1665,25,25,5.73116,0,18.1,0,0.532,7.061,77,3.4106,24,666,20.2,395.28,7.01,-0.274088368,1.397940009,10.1266311,3.218875825
87,87,1304,1,1,-71.0975,42.1608,21.8,21.8,2.81838,0,18.1,0,0.532,5.762,40.3,4.0983,24,666,20.2,392.92,10.42,-0.274088368,1.338456494,9.989665249,3.08190997
28.1,28,3521,1,2,-71.048,42.2222,13.4,13.4,3.32105,0,19.58,1,0.871,5.403,100,1.3216,5,403,14.7,396.9,26.82,-0.059981845,1.127104798,9.503009986,2.595254707
28.1,28,3522,1,2,-71.0519,42.223,15.6,15.6,4.0974,0,19.58,0,0.871,5.468,100,1.4118,5,403,14.7,396.9,26.42,-0.059981845,1.193124598,9.655026193,2.747270914
28.1,28,3523,1,2,-71.051,42.2205,11.8,11.8,2.77974,0,19.58,0,0.871,4.903,97.8,1.3459,5,403,14.7,396.9,29.29,-0.059981845,1.071882007,9.37585481,2.468099531
28.1,28,3524,1,2,-71.054,42.219,13.8,13.8,2.37934,0,19.58,0,0.871,6.13,100,1.4191,5,403,14.7,172.91,27.8,-0.059981845,1.139879086,9.532423871,2.624668592
28.1,28,3525,1,2,-71.059,42.221,15.6,15.6,2.15505,0,19.58,0,0.871,5.628,100,1.5166,5,403,14.7,169.27,16.65,-0.059981845,1.193124598,9.655026193,2.747270914
28.1,28,3526,1,2,-71.0555,42.2222,14.6,14.6,2.36862,0,19.58,0,0.871,4.926,95.7,1.4608,5,403,14.7,391.71,29.53,-0.059981845,1.164352856,9.588776808,2.681021529
28.1,28,3527,1,2,-71.0567,42.224,17.8,17.8,2.33099,0,19.58,0,0.871,5.186,93.8,1.5296,5,403,14.7,356.99,28.32,-0.059981845,1.250420002,9.786953736,2.879198457
28.1,28,3528,1,2,-71.058,42.223,15.4,15.4,2.73397,0,19.58,0,0.871,5.597,94.9,1.5257,5,403,14.7,351.85,21.45,-0.059981845,1.187520721,9.642122788,2.734367509
28.1,28,3529,1,2,-71.062,42.2236,21.5,21.5,1.6566,0,19.58,0,0.871,6.122,97.3,1.618,5,403,14.7,372.8,14.1,-0.059981845,1.33243846,9.975808214,3.068052935
28.1,28,3530,1,2,-71.0622,42.2205,19.6,19.6,1.49632,0,19.58,0,0.871,5.404,100,1.5916,5,403,14.7,341.6,13.28,-0.059981845,1.292256071,9.883284845,2.975529566
28.1,28,3531,1,2,-71.059,42.217,15.3,15.3,1.12658,0,19.58,1,0.871,5.012,88,1.6102,5,403,14.7,343.28,12.12,-0.059981845,1.184691431,9.635608107,2.727852828
28.1,28,3532,1,2,-71.0645,42.215,19.4,19.4,2.14918,0,19.58,0,0.871,5.709,98.5,1.6232,5,403,14.7,261.95,15.79,-0.059981845,1.28780173,9.873028345,2.965273066
28.1,28,3533,1,2,-71.0662,42.2162,17,17,1.41385,0,19.58,1,0.871,6.129,96,1.7494,5,403,14.7,321.02,15.12,-0.059981845,1.230448921,9.740968623,2.833213344
28.1,28,3534,1,2,-71.068,42.215,15.6,15.6,3.53501,0,19.58,1,0.871,6.152,82.6,1.7455,5,403,14.7,88.01,15.02,-0.059981845,1.193124598,9.655026193,2.747270914
28.1,28,3535,1,2,-71.0667,42.22,13.1,13.1,2.44668,0,19.58,0,0.871,5.272,94,1.7364,5,403,14.7,88.63,16.14,-0.059981845,1.117271296,9.480367509,2.57261223
28.1,28,3538,1,2,-71.065,42.2223,23.3,23.3,1.42502,0,19.58,0,0.871,6.51,100,1.7659,5,403,14.7,364.31,7.39,-0.059981845,1.367355921,10.05620864,3.148453361
28.2,28,3536,1,2,-71.069,42.2285,41.3,41.3,1.22358,0,19.58,0,0.605,6.943,97.4,1.8773,5,403,14.7,363.43,4.59,-0.218244625,1.615950052,10.62861778,3.7208625
28.2,28,3537,1,2,-71.067,42.2245,24.3,24.3,1.34284,0,19.58,0,0.605,6.066,100,1.7573,5,403,14.7,353.89,6.43,-0.218244625,1.385606274,10.09823163,3.19047635
28.2,28,3539,1,2,-71.07,42.2214,27,27,1.27346,0,19.58,1,0.605,6.25,92.6,1.7984,5,403,14.7,338.92,5.5,-0.218244625,1.431363764,10.20359214,3.295836866
28.2,28,3543,1,2,-71.0918,42.2265,22.7,22.7,2.24236,0,19.58,0,0.605,5.854,91.8,2.422,5,403,14.7,395.11,11.64,-0.218244625,1.356025857,10.0301202,3.122364924
28.2,28,3544,1,2,-71.082,42.2295,25,25,2.924,0,19.58,0,0.605,6.101,93,2.2834,5,403,14.7,240.16,9.81,-0.218244625,1.397940009,10.1266311,3.218875825
28.2,28,3546,1,2,-71.0866,42.2345,23.8,23.8,1.80028,0,19.58,0,0.605,5.877,79.2,2.4259,5,403,14.7,227.61,12.14,-0.218244625,1.376576957,10.07744086,3.169685581
28.2,28,3547,1,2,-71.074,42.2331,23.8,23.8,2.3004,0,19.58,0,0.605,6.319,96.1,2.1,5,403,14.7,297.09,11.1,-0.218244625,1.376576957,10.07744086,3.169685581
28.2,28,3548,1,2,-71.0775,42.2351,22.3,22.3,2.44953,0,19.58,0,0.605,6.402,95.2,2.2625,5,403,14.7,330.04,11.32,-0.218244625,1.348304863,10.01234196,3.104586678
28.2,28,3549,1,2,-71.081,42.2368,17.4,17.4,1.20742,0,19.58,0,0.605,5.875,94.6,2.4259,5,403,14.7,292.29,14.43,-0.218244625,1.240549248,9.764225485,2.856470206
28.2,28,3550,1,2,-71.0792,42.239,19.1,19.1,2.3139,0,19.58,0,0.605,5.88,97.3,2.3887,5,403,14.7,348.13,12.03,-0.218244625,1.281033367,9.857443614,2.949688335
45.1,45,4002,1,2,-71.0727,42.2077,36,36,0.66351,20,3.97,0,0.647,7.333,100,1.8946,5,264,13,383.29,7.79,-0.189095719,1.556302501,10.49127422,3.583518938
45.1,45,4003,1,2,-71.0765,42.2075,30.1,30.1,0.65665,20,3.97,0,0.647,6.842,100,2.0107,5,264,13,391.93,6.9,-0.189095719,1.478566496,10.31228045,3.404525172
45.1,45,4004,1,2,-71.08,42.204,33.8,33.8,0.54011,20,3.97,0,0.647,7.203,81.8,2.1121,5,264,13,392.8,9.59,-0.189095719,1.5289167,10.42821608,3.520460802
45.1,45,4005,1,2,-71.079,42.202,43.1,43.1,0.53412,20,3.97,0,0.647,7.52,89.4,2.1398,5,264,13,388.37,7.26,-0.189095719,1.63447727,10.67127828,3.763522997
45.1,45,4006,1,2,-71.0835,42.2,48.8,48.8,0.52014,20,3.97,0,0.647,8.398,91.5,2.2885,5,264,13,386.86,5.91,-0.189095719,1.688419822,10.79548559,3.887730313
45.1,45,4007,1,2,-71.075,42.198,31,31,0.82526,20,3.97,0,0.647,7.327,94.5,2.0788,5,264,13,393.42,11.25,-0.189095719,1.491361694,10.34174248,3.433987204
45.1,45,4008,1,2,-71.071,42.203,36.5,36.5,0.55007,20,3.97,0,0.647,7.206,91.6,1.9301,5,264,13,387.89,8.1,-0.189095719,1.562292864,10.50506754,3.597312261
45.1,45,4009,1,2,-71.07,42.2,22.8,22.8,0.76162,20,3.97,0,0.647,5.56,62.8,1.9865,5,264,13,392.4,10.45,-0.189095719,1.357934847,10.03451581,3.126760536
45.1,45,4010,1,2,-71.0725,42.1965,30.7,30.7,0.7857,20,3.97,0,0.647,7.014,84.6,2.1329,5,264,13,384.07,14.79,-0.189095719,1.487138375,10.33201793,3.424262655
45.2,45,4012,1,2,-71.0925,42.2075,43.5,43.5,0.5405,20,3.97,0,0.575,7.47,52.6,2.872,5,264,13,390.3,3.16,-0.240332155,1.638489257,10.68051622,3.772760938
15,15,3301,1,3,-71.045,42.345,23.5,23.5,0.03584,80,3.37,0,0.398,6.29,17.8,6.6115,4,337,16.1,396.9,4.67,-0.400116928,1.371067862,10.0647557,3.157000421
15,15,3302,1,3,-71.069,42.3525,19.4,19.4,0.04379,80,3.37,0,0.398,5.787,31.1,6.6115,4,337,16.1,396.9,10.24,-0.400116928,1.28780173,9.873028345,2.965273066
39,39,3701,1,3,-71.1166,42.223,23.3,23.3,0.0456,0,13.89,1,0.55,5.888,56,3.1121,5,276,16.4,392.8,13.51,-0.259637311,1.367355921,10.05620864,3.148453361
39,39,3702,1,3,-71.105,42.2235,28.7,28.7,0.07013,0,13.89,0,0.55,6.642,85.1,3.4211,5,276,16.4,392.78,9.69,-0.259637311,1.457881897,10.2646524,3.356897123
39,39,3703,1,3,-71.0933,42.222,21.5,21.5,0.11069,0,13.89,1,0.55,5.951,93.8,2.8893,5,276,16.4,396.9,17.92,-0.259637311,1.33243846,9.975808214,3.068052935
39,39,3704,1,3,-71.106,42.2185,23,23,0.11425,0,13.89,1,0.55,6.373,92.4,3.3633,5,276,16.4,393.74,10.5,-0.259637311,1.361727836,10.04324949,3.135494216
41,41,3821,1,3,-71.2055,42.1875,23.7,23.7,0.08244,30,4.93,0,0.428,6.481,18.5,6.1899,6,300,16.6,379.41,6.36,-0.368556231,1.374748346,10.07323033,3.165475048
41,41,3822,1,3,-71.2035,42.187,23.3,23.3,0.09252,30,4.93,0,0.428,6.606,42.2,6.1899,6,300,16.6,383.78,7.37,-0.368556231,1.367355921,10.05620864,3.148453361
41,41,3823,1,3,-71.1966,42.164,22,27,0.11329,30,4.93,0,0.428,6.897,54.3,6.3361,6,300,16.6,391.25,11.38,-0.368556231,1.431363764,10.20359214,3.295836866
41,41,3824,1,3,-71.2138,42.1645,20.1,20.1,0.10612,30,4.93,0,0.428,6.095,65.1,6.3361,6,300,16.6,394.62,12.4,-0.368556231,1.303196057,9.908475094,3.000719815
41,41,3825,1,3,-71.22,42.1782,22.2,22.2,0.1029,30,4.93,0,0.428,6.358,52.9,7.0355,6,300,16.6,372.75,11.22,-0.368556231,1.346352974,10.00784757,3.100092289
41,41,3826,1,3,-71.232,42.1725,23.7,23.7,0.12757,30,4.93,0,0.428,6.393,7.8,7.0355,6,300,16.6,374.71,5.19,-0.368556231,1.374748346,10.07323033,3.165475048
42,42,3831,1,3,-71.2435,42.163,17.6,17.6,0.20608,22,5.86,0,0.431,5.593,76.5,7.9549,7,330,19.1,372.49,12.5,-0.36552273,1.245512668,9.775654181,2.867898902
42,42,3832,1,3,-71.2575,42.1618,18.5,18.5,0.19133,22,5.86,0,0.431,5.605,70.2,7.9549,7,330,19.1,389.13,18.46,-0.36552273,1.267171728,9.825526011,2.917770732
42,42,3833,1,3,-71.262,42.169,24.3,24.3,0.33983,22,5.86,0,0.431,6.108,34.9,8.0555,7,330,19.1,390.18,9.16,-0.36552273,1.385606274,10.09823163,3.19047635
42,42,3834,1,3,-71.247,42.1703,20.5,20.5,0.19657,22,5.86,0,0.431,6.226,79.2,8.0555,7,330,19.1,376.14,10.15,-0.36552273,1.311753861,9.928180165,3.020424886
42,42,3835,1,3,-71.255,42.1767,24.5,24.5,0.16439,22,5.86,0,0.431,6.433,49.1,7.8265,7,330,19.1,374.71,9.52,-0.36552273,1.389166084,10.1064284,3.198673118
42,42,3836,1,3,-71.2475,42.1825,26.2,26.2,0.19073,22,5.86,0,0.431,6.718,17.5,7.8265,7,330,19.1,393.74,6.56,-0.36552273,1.418301291,10.17351469,3.265759411
42,42,3837,1,3,-71.238,42.191,24.4,24.4,0.1403,22,5.86,0,0.431,6.487,13,7.3967,7,330,19.1,396.28,5.9,-0.36552273,1.387389826,10.10233841,3.194583132
42,42,3838,1,3,-71.2435,42.1982,24.8,24.8,0.21409,22,5.86,0,0.431,6.438,8.9,7.3967,7,330,19.1,377.07,3.59,-0.36552273,1.394451681,10.11859893,3.210843653
42,42,3839,1,3,-71.2685,42.1935,29.6,29.6,0.08221,22,5.86,0,0.431,6.957,6.8,8.9067,7,330,19.1,386.09,3.53,-0.36552273,1.471291711,10.29552964,3.387774361
42,42,3840,1,3,-71.2807,42.1727,42.8,42.8,0.36894,22,5.86,0,0.431,8.259,8.4,8.9067,7,330,19.1,396.9,3.54,-0.36552273,1.631443769,10.66429338,3.756538103
47,47,4031,1,3,-71.1305,42.1675,32.4,32.4,0.05644,40,6.41,1,0.447,6.758,32.9,4.0776,4,254,17.6,396.9,3.53,-0.349692477,1.51054501,10.3859137,3.478158423
47,47,4032,1,3,-71.138,42.1733,32,32,0.09604,40,6.41,0,0.447,6.854,42.8,4.2673,4,254,17.6,396.9,2.98,-0.349692477,1.505149978,10.37349118,3.465735903
47,47,4033,1,3,-71.1405,42.1632,33.2,33.2,0.10469,40,6.41,1,0.447,7.267,49,4.7872,4,254,17.6,389.25,6.05,-0.349692477,1.521138084,10.41030515,3.502549876
47,47,4034,1,3,-71.1495,42.173,33.1,33.1,0.06127,40,6.41,1,0.447,6.826,27.6,4.8628,4,254,17.6,393.45,4.16,-0.349692477,1.519827994,10.40728856,3.499533282
47,47,4035,1,3,-71.1395,42.1813,29.1,29.1,0.07978,40,6.41,0,0.447,6.482,32.1,4.1403,4,254,17.6,396.9,7.19,-0.349692477,1.463892989,10.27849345,3.370738174
66,66,5011,1,3,-70.937,42.1475,23.9,23.9,0.02543,55,3.78,0,0.484,6.696,56.4,5.7321,5,370,17.6,396.9,7.18,-0.315154638,1.378397901,10.08163374,3.173878459
66,66,5012,1,3,-70.9325,42.123,31.2,31.2,0.03049,55,3.78,0,0.484,6.874,28.1,6.4654,5,370,17.6,387.97,4.61,-0.315154638,1.494154594,10.34817337,3.440418095
24,24,3391,1,4,-71.0668,42.2545,27.5,27.5,0.14866,0,8.56,0,0.52,6.727,79.9,2.7778,5,384,20.9,394.76,9.42,-0.283996656,1.439332694,10.22194128,3.314186005
24,24,3392,1,4,-71.081,42.245,26.5,26.5,0.11432,0,8.56,0,0.52,6.781,71.3,2.8561,5,384,20.9,395.58,7.67,-0.283996656,1.423245874,10.18490001,3.277144733
24,24,3393,1,4,-71.0812,42.2515,18.6,18.6,0.22876,0,8.56,0,0.52,6.405,85.4,2.7147,5,384,20.9,70.8,10.63,-0.283996656,1.269512944,9.83091686,2.923161581
24,24,3394,1,4,-71.077,42.249,19.3,19.3,0.21161,0,8.56,0,0.52,6.137,87.4,2.7147,5,384,20.9,394.47,13.44,-0.283996656,1.285557309,9.867860375,2.960105096
24,24,3395,1,4,-71.069,42.248,20.1,20.1,0.1396,0,8.56,0,0.52,6.167,90,2.421,5,384,20.9,392.69,12.33,-0.283996656,1.303196057,9.908475094,3.000719815
24,24,3396,1,4,-71.0662,42.2425,19.5,19.5,0.13262,0,8.56,0,0.52,5.851,96.7,2.1069,5,384,20.9,394.05,16.47,-0.283996656,1.290034611,9.878169745,2.970414466
24,24,3397,1,4,-71.0622,42.2431,19.5,19.5,0.1712,0,8.56,0,0.52,5.836,91.9,2.211,5,384,20.9,395.67,18.66,-0.283996656,1.290034611,9.878169745,2.970414466
24,24,3398,1,4,-71.0553,42.2465,20.4,20.4,0.13117,0,8.56,0,0.52,6.127,85.2,2.1224,5,384,20.9,387.69,14.09,-0.283996656,1.309630167,9.92329018,3.015534901
24,24,3399,1,4,-71.055,42.2505,19.8,19.8,0.12802,0,8.56,0,0.52,6.474,97.1,2.4329,5,384,20.9,395.24,12.27,-0.283996656,1.29666519,9.893437217,2.985681938
24,24,3400,1,4,-71.06,42.254,19.4,19.4,0.26363,0,8.56,0,0.52,6.229,91.2,2.5451,5,384,20.9,391.23,15.55,-0.283996656,1.28780173,9.873028345,2.965273066
24,24,3401,1,4,-71.056,42.2605,21.7,21.7,0.10793,0,8.56,0,0.52,6.195,54.4,2.7778,5,384,20.9,393.49,13,-0.283996656,1.336459734,9.98506754,3.077312261
83.1,83,901,1,4,-71.0495,42.1815,14.3,14.3,5.58107,0,18.1,0,0.713,6.436,87.9,2.3158,24,666,20.2,100.19,16.22,-0.14691047,1.155336037,9.568014816,2.660259537
83.1,83,902,1,4,-71.0475,42.1842,11.7,11.7,13.9134,0,18.1,0,0.713,6.208,95,2.2222,24,666,20.2,100.63,15.17,-0.14691047,1.068185862,9.367344121,2.459588842
83.1,83,917,1,4,-71.04,42.182,14.1,14.1,9.32909,0,18.1,0,0.713,6.185,98.7,2.2616,24,666,20.2,396.9,18.13,-0.14691047,1.149219113,9.553930076,2.646174797
83.1,83,918,1,4,-71.0428,42.1845,13,13,7.52601,0,18.1,0,0.713,6.417,98.3,2.185,24,666,20.2,304.21,19.31,-0.14691047,1.113943352,9.472704636,2.564949357
83.1,83,919,1,4,-71.046,42.181,13.4,13.4,6.71772,0,18.1,0,0.713,6.749,92.6,2.3236,24,666,20.2,0.32,17.44,-0.14691047,1.127104798,9.503009986,2.595254707
83.1,83,920,1,4,-71.041,42.1795,15.2,15.2,5.44114,0,18.1,0,0.713,6.655,98.2,2.3552,24,666,20.2,355.29,17.73,-0.14691047,1.181843588,9.629050707,2.721295428
83.1,83,921,1,4,-71.034,42.179,16.1,16.1,5.09017,0,18.1,0,0.713,6.297,91.8,2.3682,24,666,20.2,385.09,17.27,-0.14691047,1.206825876,9.686574551,2.778819272
83.1,83,922,1,4,-71.04,42.177,17.8,17.8,8.24809,0,18.1,0,0.713,7.393,99.3,2.4527,24,666,20.2,375.87,16.74,-0.14691047,1.250420002,9.786953736,2.879198457
83.1,83,923,1,4,-71.0455,42.1768,14.9,14.4,9.51363,0,18.1,0,0.713,6.728,94.1,2.4961,24,666,20.2,6.68,18.71,-0.14691047,1.158362492,9.574983486,2.667228207
83.1,83,924,1,4,-71.051,42.178,14.1,14.1,4.75237,0,18.1,0,0.713,6.525,86.5,2.4358,24,666,20.2,50.92,18.13,-0.14691047,1.149219113,9.553930076,2.646174797
83.2,83,903,1,4,-71.046,42.1867,13.4,13.4,11.1604,0,18.1,0,0.74,6.629,94.6,2.1247,24,666,20.2,109.85,23.27,-0.13076828,1.127104798,9.503009986,2.595254707
83.2,83,904,1,4,-71.0455,42.1893,9.6,9.6,14.4208,0,18.1,0,0.74,6.461,93.3,2.0026,24,666,20.2,27.49,18.05,-0.13076828,0.982271233,9.169518377,2.261763098
83.2,83,905,1,4,-71.0445,42.1917,8.7,8.2,15.1772,0,18.1,0,0.74,6.152,100,1.9142,24,666,20.2,9.32,26.45,-0.13076828,0.913813852,9.011889433,2.104134154
83.2,83,906,1,4,-71.0445,42.1938,8.4,8.4,13.6781,0,18.1,0,0.74,5.935,87.9,1.8206,24,666,20.2,68.95,34.02,-0.13076828,0.924279286,9.035986985,2.128231706
83.2,83,907,1,4,-71.037,42.194,12.8,12.8,9.39063,0,18.1,0,0.74,5.627,93.9,1.8172,24,666,20.2,396.9,22.88,-0.13076828,1.10720997,9.45720045,2.549445171
83.2,83,908,1,4,-71.0321,42.1925,10.5,10.5,22.0511,0,18.1,0,0.74,5.818,92.4,1.8662,24,666,20.2,391.45,22.11,-0.13076828,1.021189299,9.259130536,2.351375257
83.2,83,910,1,4,-71.0345,42.185,17.1,17.1,9.72418,0,18.1,0,0.74,6.406,97.2,2.0651,24,666,20.2,385.96,19.52,-0.13076828,1.23299611,9.746833742,2.839078464
83.2,83,911,1,4,-71.034,42.189,18.4,14.8,5.66637,0,18.1,0,0.74,6.219,100,2.0048,24,666,20.2,395.69,16.59,-0.13076828,1.170261715,9.60238246,2.694627181
83.2,83,912,1,4,-71.0378,42.1892,15.4,15.4,9.96654,0,18.1,0,0.74,6.485,100,1.9784,24,666,20.2,386.73,18.85,-0.13076828,1.187520721,9.642122788,2.734367509
83.2,83,913,1,4,-71.0405,42.192,10.8,10.8,12.8023,0,18.1,0,0.74,5.854,96.6,1.8956,24,666,20.2,240.52,23.79,-0.13076828,1.033423755,9.287301413,2.379546134
83.2,83,914,1,4,-71.0425,42.189,11.8,11.8,10.6718,0,18.1,0,0.74,6.459,94.8,1.9879,24,666,20.2,43.06,23.98,-0.13076828,1.071882007,9.37585481,2.468099531
83.2,83,915,1,4,-71.039,42.1868,14.9,14.9,6.28807,0,18.1,0,0.74,6.341,96.4,2.072,24,666,20.2,318.01,17.79,-0.13076828,1.173186268,9.609116492,2.701361213
83.2,83,916,1,4,-71.037,42.184,12.6,12.6,9.92485,0,18.1,0,0.74,6.251,96.6,2.198,24,666,20.2,388.52,16.44,-0.13076828,1.100370545,9.441452093,2.533696814
59,59,4171,1,5,-71.0138,42.1555,22.8,22.8,0.49298,0,9.9,0,0.544,6.635,82.5,3.3175,4,304,18.4,396.9,4.54,-0.2644011,1.357934847,10.03451581,3.126760536
59,59,4172,1,5,-71.0201,42.16,20.3,20.3,0.3494,0,9.9,0,0.544,5.972,76.7,3.1025,4,304,18.4,396.24,9.97,-0.2644011,1.307496038,9.918376165,3.010620886
59,59,4173,1,5,-71.016,42.176,16.1,16.1,2.63548,0,9.9,0,0.544,4.973,37.8,2.5194,4,304,18.4,350.45,12.64,-0.2644011,1.206825876,9.686574551,2.778819272
59,59,4174,1,5,-71.0075,42.178,22.1,22.1,0.79041,0,9.9,0,0.544,6.122,52.8,2.6403,4,304,18.4,396.9,5.98,-0.2644011,1.344392274,10.00333289,3.095577609
59,59,4175,1,5,-71.015,42.167,19.4,19.4,0.26169,0,9.9,0,0.544,6.023,90.4,2.834,4,304,18.4,396.3,11.72,-0.2644011,1.28780173,9.873028345,2.965273066
59,59,4176,1,5,-71.0075,42.1613,21.6,21.6,0.26938,0,9.9,0,0.544,6.266,82.8,3.2628,4,304,18.4,393.39,7.9,-0.2644011,1.334453751,9.980448594,3.072693315
59,59,4177,1,5,-71,42.153,23.8,23.8,0.3692,0,9.9,0,0.544,6.567,87.3,3.6023,4,304,18.4,395.69,9.28,-0.2644011,1.376576957,10.07744086,3.169685581
59,59,4178,1,5,-70.9795,42.158,16.2,16.2,0.25356,0,9.9,0,0.544,5.705,77.7,3.945,4,304,18.4,396.42,11.5,-0.2644011,1.209515015,9.692766521,2.785011242
59,59,4179,1,5,-70.988,42.1485,17.8,17.8,0.31827,0,9.9,0,0.544,5.914,83.2,3.9986,4,304,18.4,390.7,18.33,-0.2644011,1.250420002,9.786953736,2.879198457
59,59,4180,1,5,-71.004,42.1425,19.8,19.8,0.24522,0,9.9,0,0.544,5.782,71.7,4.0317,4,304,18.4,396.9,15.94,-0.2644011,1.29666519,9.893437217,2.985681938
59,59,4181,1,5,-71.01,42.15,23.1,23.1,0.40202,0,9.9,0,0.544,6.382,67.2,3.5325,4,304,18.4,395.21,10.36,-0.2644011,1.36361198,10.0475879,3.139832618
59,59,4182,1,5,-71.02,42.151,21,21,0.47547,0,9.9,0,0.544,6.113,58.8,4.0019,4,304,18.4,396.23,12.73,-0.2644011,1.322219295,9.952277717,3.044522438
82.1,82,801,1,5,-71.042,42.1985,7,7,45.7461,0,18.1,0,0.693,4.519,100,1.6582,24,666,20.2,88.27,36.98,-0.159266765,0.84509804,8.853665428,1.945910149
82.2,82,802,1,5,-71.0455,42.1953,7.2,7.2,18.0846,0,18.1,0,0.679,6.434,100,1.8347,24,666,20.2,27.25,29.05,-0.168130226,0.857332496,8.881836305,1.974081026
82.2,82,803,1,5,-71.0477,42.1965,7.5,7.5,10.8342,0,18.1,0,0.679,6.782,90.8,1.8195,24,666,20.2,21.57,25.79,-0.168130226,0.875061263,8.9226583,2.014903021
82.2,82,805,1,5,-71.0498,42.2007,10.4,10.4,25.9406,0,18.1,0,0.679,5.304,89.1,1.6475,24,666,20.2,127.36,26.64,-0.168130226,1.017033339,9.249561085,2.341805806
82.2,82,807,1,5,-71.0525,42.1989,8.8,8.8,73.5341,0,18.1,0,0.679,5.957,100,1.8026,24,666,20.2,16.45,20.62,-0.168130226,0.944482672,9.082507,2.174751721
82.2,82,814,1,5,-71.0577,42.1967,8.3,8.3,15.8603,0,18.1,0,0.679,5.896,95.4,1.9096,24,666,20.2,7.68,24.39,-0.168130226,0.919078092,9.024010794,2.116255515
82.2,82,816,1,5,-71.0542,42.1961,10.9,10.9,37.6619,0,18.1,0,0.679,6.202,78.7,1.8629,24,666,20.2,18.82,14.52,-0.168130226,1.037426498,9.296518068,2.388762789
82.2,82,817,1,5,-71.0521,42.194,11,11,7.36711,0,18.1,0,0.679,6.193,78.1,1.9356,24,666,20.2,96.73,21.52,-0.168130226,1.041392685,9.305650552,2.397895273
82.2,82,818,1,5,-71.0485,42.192,9.5,9.5,9.33889,0,18.1,0,0.679,6.38,95.6,1.9682,24,666,20.2,60.72,24.08,-0.168130226,0.977723605,9.159047078,2.251291799
82.3,82,808,1,5,-71.0586,42.1999,8.4,8.4,11.8123,0,18.1,0,0.718,6.824,76.5,1.794,24,666,20.2,48.45,22.74,-0.143875556,0.924279286,9.035986985,2.128231706
82.3,82,809,1,5,-71.0618,42.199,16.7,16.7,11.0874,0,18.1,0,0.718,6.411,100,1.8589,24,666,20.2,318.75,15.02,-0.143875556,1.222716471,9.723163998,2.815408719
82.3,82,810,1,5,-71.065,42.2018,14.2,14.2,7.02259,0,18.1,0,0.718,6.006,95.3,1.8746,24,666,20.2,319.98,15.7,-0.143875556,1.152288344,9.560997244,2.653241965
82.4,82,811,1,5,-71.0665,42.197,20.8,20.8,12.0482,0,18.1,0,0.614,5.648,87.6,1.9512,24,666,20.2,291.55,14.1,-0.211831629,1.318063335,9.942708266,3.034952987
82.4,82,812,1,5,-71.0619,42.1948,13.4,13.4,7.05042,0,18.1,0,0.614,6.103,85.1,2.0218,24,666,20.2,2.52,23.29,-0.211831629,1.127104798,9.503009986,2.595254707
82.5,82,813,1,5,-71.059,42.192,11.7,11.7,8.79212,0,18.1,0,0.584,5.565,70.6,2.0635,24,666,20.2,3.65,17.16,-0.233587153,1.068185862,9.367344121,2.459588842
82.5,82,815,1,5,-71.0558,42.1937,10.2,10.2,12.2472,0,18.1,0,0.584,5.837,59.7,1.9976,24,666,20.2,24.65,15.69,-0.233587153,1.008600172,9.230142999,2.32238772
82.5,82,819,1,5,-71.0547,42.189,14.5,14.5,8.49213,0,18.1,0,0.584,6.348,86.1,2.0527,24,666,20.2,83.45,17.64,-0.233587153,1.161368002,9.581903928,2.674148649
82.5,82,820,1,5,-71.0505,42.188,14.1,14.1,10.0623,0,18.1,0,0.584,6.833,94.3,2.0882,24,666,20.2,81.33,19.69,-0.233587153,1.149219113,9.553930076,2.646174797
82.5,82,821,1,5,-71.052,42.1854,16.1,16.1,6.44405,0,18.1,0,0.584,6.425,74.8,2.2004,24,666,20.2,97.95,12.03,-0.233587153,1.206825876,9.686574551,2.778819272
1,1,2021,1,6,-70.95,42.2875,21.6,21.6,0.02731,0,7.07,0,0.469,6.421,78.9,4.9671,2,242,17.8,396.9,9.14,-0.328827157,1.334453751,9.980448594,3.072693315
1,1,2022,1,6,-70.936,42.283,34.7,34.7,0.02729,0,7.07,0,0.469,7.185,61.1,4.9671,2,242,17.8,392.83,4.03,-0.328827157,1.540329475,10.45449497,3.546739687
21,21,3361,1,6,-71.042,42.2796,23.6,23.6,0.0566,0,3.41,0,0.489,7.007,86.3,3.4217,2,270,17.8,396.9,5.5,-0.310691141,1.372912003,10.06900199,3.161246712
21,21,3362,1,6,-71.0345,42.2785,28.7,28.7,0.05302,0,3.41,0,0.489,7.079,63.1,3.4145,2,270,17.8,396.06,5.7,-0.310691141,1.457881897,10.2646524,3.356897123
21,21,3363,1,6,-71.03,42.272,22.6,22.6,0.04684,0,3.41,0,0.489,6.417,66.1,3.0923,2,270,17.8,392.18,8.81,-0.310691141,1.354108439,10.02570519,3.117949906
21,21,3364,1,6,-71.0425,42.2715,22,22,0.03932,0,3.41,0,0.489,6.405,73.9,3.0921,2,270,17.8,393.55,8.2,-0.310691141,1.342422681,9.998797732,3.091042453
23,23,3381,1,6,-71.076,42.2775,28.4,28.4,0.12204,0,2.89,0,0.445,6.625,57.8,3.4952,2,276,18,357.98,6.65,-0.351639989,1.45331834,10.25414442,3.346389145
23,23,3382,1,6,-71.085,42.2775,21.4,21.4,0.11504,0,2.89,0,0.445,6.163,69.6,3.4952,2,276,18,391.83,11.34,-0.351639989,1.330413773,9.971146201,3.063390922
23,23,3383,1,6,-71.089,42.2715,38.7,38.7,0.12083,0,2.89,0,0.445,8.069,76,3.4952,2,276,18,396.9,4.21,-0.351639989,1.587710965,10.56359488,3.6558396
23,23,3384,1,6,-71.0982,42.2685,43.8,43.8,0.08187,0,2.89,0,0.445,7.82,36.9,3.4952,2,276,18,393.53,3.57,-0.351639989,1.641474111,10.6873891,3.779633817
23,23,3385,1,6,-71.08,42.268,33.2,33.2,0.0686,0,2.89,0,0.445,7.416,62.5,3.4952,2,276,18,396.9,6.19,-0.351639989,1.521138084,10.41030515,3.502549876
29,29,3561,1,6,-71.087,42.2416,23.1,23.1,0.13914,0,4.05,0,0.51,5.572,88.5,2.5961,5,296,16.6,396.9,14.69,-0.292429824,1.36361198,10.0475879,3.139832618
29,29,3562,1,6,-71.0855,42.245,23.6,23.6,0.09178,0,4.05,0,0.51,6.416,84.1,2.6463,5,296,16.6,395.5,9.04,-0.292429824,1.372912003,10.06900199,3.161246712
29,29,3563,1,6,-71.0833,42.2475,22.6,22.6,0.08447,0,4.05,0,0.51,5.859,68.7,2.7019,5,296,16.6,393.23,9.64,-0.292429824,1.354108439,10.02570519,3.117949906
29,29,3564,1,6,-71.094,42.2575,29.4,29.4,0.06664,0,4.05,0,0.51,6.546,33.1,3.1323,5,296,16.6,390.96,5.33,-0.292429824,1.46834733,10.28874995,3.380994674
29,29,3565,1,6,-71.1125,42.255,23.2,23.2,0.07022,0,4.05,0,0.51,6.02,47.2,3.5549,5,296,16.6,393.23,10.11,-0.292429824,1.365487985,10.05190756,3.144152279
29,29,3566,1,6,-71.106,42.2512,24.6,24.6,0.05425,0,4.05,0,0.51,6.315,73.4,3.3175,5,296,16.6,395.6,6.29,-0.292429824,1.390935107,10.11050172,3.202746443
29,29,3567,1,6,-71.0965,42.247,29.9,29.9,0.06642,0,4.05,0,0.51,6.86,74.4,2.9153,5,296,16.6,391.27,6.92,-0.292429824,1.475671188,10.30561376,3.39785848
43,43,3851,1,6,-71.2895,42.1575,21.9,21.9,0.04819,80,3.64,0,0.392,6.108,32,9.2203,1,315,16.4,392.89,6.57,-0.406713933,1.340444115,9.994241916,3.086486637
43,43,3852,1,6,-71.269,42.1482,20.9,20.9,0.03548,80,3.64,0,0.392,5.876,19.1,9.2203,1,315,16.4,395.18,9.25,-0.406713933,1.320146286,9.947504438,3.039749159
52,52,4091,1,6,-71.195,42.0675,20.1,20.1,0.01965,80,1.76,0,0.385,6.23,31.5,9.0892,1,241,18.2,341.6,12.93,-0.41453927,1.303196057,9.908475094,3.000719815
56,56,4141,1,6,-71.12,42.0725,22.5,22.5,0.06466,70,2.24,0,0.4,6.345,20.1,7.8278,5,358,14.8,368.24,4.97,-0.397940009,1.352182518,10.02127059,3.113515309
56,56,4142,1,6,-71.1,42.059,29,29,0.05561,70,2.24,0,0.4,7.041,10,7.8278,5,358,14.8,371.58,4.74,-0.397940009,1.462397998,10.27505111,3.36729583
56,56,4143,1,6,-71.1035,42.0735,24.8,24.8,0.04417,70,2.24,0,0.4,6.871,47.4,7.8278,5,358,14.8,390.86,6.07,-0.397940009,1.394451681,10.11859893,3.210843653
75.1,75,101,1,6,-71.059,42.2098,21.9,21.9,3.47428,0,18.1,1,0.718,8.78,82.9,1.9047,24,666,20.2,354.55,5.29,-0.143875556,1.340444115,9.994241916,3.086486637
75.1,75,102,1,6,-71.0595,42.2075,27.5,27.5,4.55587,0,18.1,0,0.718,3.561,87.9,1.6132,24,666,20.2,354.7,7.12,-0.143875556,1.439332694,10.22194128,3.314186005
75.1,75,104,1,6,-71.054,42.2052,21.9,21.9,3.69695,0,18.1,0,0.718,4.963,91.4,1.7523,24,666,20.2,316.03,14,-0.143875556,1.340444115,9.994241916,3.086486637
75.2,75,105,1,6,-71.0508,42.207,23.1,23.1,13.5222,0,18.1,0,0.631,3.863,100,1.5106,24,666,20.2,131.42,13.33,-0.199970641,1.36361198,10.0475879,3.139832618
78,78,401,1,6,-71.0367,42.224,15,15,19.6091,0,18.1,0,0.671,7.313,97.9,1.3163,24,666,20.2,396.9,13.44,-0.17327748,1.176091259,9.61580548,2.708050201
78,78,402,1,6,-71.034,42.226,13.9,13.9,15.288,0,18.1,0,0.671,6.649,93.3,1.3449,24,666,20.2,363.02,23.24,-0.17327748,1.1430148,9.539644119,2.63188884
78,78,403,1,6,-71.038,42.2265,13.3,13.3,9.82349,0,18.1,0,0.671,6.794,98.8,1.358,24,666,20.2,396.9,21.24,-0.17327748,1.123851641,9.495519314,2.587764035
78,78,404,1,6,-71.04,42.2248,13.1,13.1,23.6482,0,18.1,0,0.671,6.38,96.2,1.3861,24,666,20.2,396.9,23.69,-0.17327748,1.117271296,9.480367509,2.57261223
78,78,405,1,6,-71.04,42.2275,10.2,10.2,17.8667,0,18.1,0,0.671,6.223,100,1.3861,24,666,20.2,393.74,21.78,-0.17327748,1.008600172,9.230142999,2.32238772
78,78,406,1,6,-71.046,42.23,10.4,10.4,88.9762,0,18.1,0,0.671,6.968,91.9,1.4165,24,666,20.2,396.9,17.21,-0.17327748,1.017033339,9.249561085,2.341805806
3,3,2041,1,7,-70.936,42.297,22.9,22.9,0.08829,12.5,7.87,0,0.524,6.012,66.6,5.5605,5,311,15.2,395.6,12.43,-0.280668713,1.359835482,10.03889219,3.131136911
3,3,2042,1,7,-70.9375,42.31,27.1,22.1,0.14455,12.5,7.87,0,0.524,6.172,96.1,5.9505,5,311,15.2,396.9,19.15,-0.280668713,1.344392274,10.00333289,3.095577609
3,3,2043,1,7,-70.933,42.312,16.5,16.5,0.21124,12.5,7.87,0,0.524,5.631,100,6.0821,5,311,15.2,386.63,29.93,-0.280668713,1.217483944,9.71111566,2.803360381
3,3,2044,1,7,-70.929,42.316,18.9,18.9,0.17004,12.5,7.87,0,0.524,6.004,85.9,6.5921,5,311,15.2,386.71,17.1,-0.280668713,1.276461804,9.846917201,2.939161922
3,3,2045,1,7,-70.935,42.316,15,15,0.22489,12.5,7.87,0,0.524,6.377,94.3,6.3467,5,311,15.2,392.52,20.45,-0.280668713,1.176091259,9.61580548,2.708050201
3,3,2046,1,7,-70.944,42.317,18.9,18.9,0.11747,12.5,7.87,0,0.524,6.009,82.9,6.2267,5,311,15.2,396.9,13.27,-0.280668713,1.276461804,9.846917201,2.939161922
3,3,2047,1,7,-70.951,42.306,21.7,21.7,0.09378,12.5,7.87,0,0.524,5.889,39,5.4509,5,311,15.2,390.5,15.71,-0.280668713,1.336459734,9.98506754,3.077312261
10,10,2141,1,7,-70.9625,42.381,35.4,35.4,0.01311,90,1.22,0,0.403,7.249,21.9,8.6966,5,226,17.9,395.93,4.81,-0.394694954,1.549003262,10.4744671,3.56671182
12,12,2161,1,7,-70.9295,42.3715,31.6,31.6,0.01432,100,1.32,0,0.411,6.816,40.5,8.3248,5,256,15.1,392.9,3.95,-0.386158178,1.499687083,10.3609124,3.453157121
14,14,2181,1,7,-70.86,42.345,33,33,0.01951,17.5,1.38,0,0.4161,7.104,59.5,9.2229,3,216,18.6,393.24,8.05,-0.380802284,1.51851394,10.40426284,3.496507561
16,16,3311,1,7,-71.09,42.3362,22,22,0.05789,12.5,6.07,0,0.409,5.878,21.4,6.498,4,345,18.9,396.21,8.1,-0.388276692,1.342422681,9.998797732,3.091042453
16,16,3312,1,7,-71.108,42.34,17.4,17.4,0.13554,12.5,6.07,0,0.409,5.594,36.8,6.498,4,345,18.9,396.9,13.09,-0.388276692,1.240549248,9.764225485,2.856470206
16,16,3313,1,7,-71.111,42.327,20.9,20.9,0.12816,12.5,6.07,0,0.409,5.885,33,6.498,4,345,18.9,396.9,8.79,-0.388276692,1.320146286,9.947504438,3.039749159
55,55,4131,1,7,-71.109,42.11,23.9,23.9,0.08265,0,13.92,0,0.437,6.127,18.4,5.5027,4,289,16,396.9,8.58,-0.359518563,1.378397901,10.08163374,3.173878459
55,55,4132,1,7,-71.118,42.1217,21.7,21.7,0.08199,0,13.92,0,0.437,6.009,42.3,5.5027,4,289,16,396.9,10.4,-0.359518563,1.336459734,9.98506754,3.077312261
55,55,4133,1,7,-71.1309,42.1166,28.6,28.6,0.12932,0,13.92,0,0.437,6.678,31.1,5.9604,4,289,16,396.9,6.27,-0.359518563,1.456366033,10.261162,3.353406718
55,55,4134,1,7,-71.128,42.1108,27.1,27.1,0.05372,0,13.92,0,0.437,6.549,51,5.9604,4,289,16,392.85,7.39,-0.359518563,1.432969291,10.20728901,3.299533728
55,55,4135,1,7,-71.121,42.1025,20.3,20.3,0.14103,0,13.92,0,0.437,5.79,58,6.32,4,289,16,396.9,15.84,-0.359518563,1.307496038,9.918376165,3.010620886
69,69,5041,1,7,-70.92,42.1016,24.5,24.5,0.01501,80,2.01,0,0.435,6.635,29.7,8.344,4,280,17,390.94,5.99,-0.361510743,1.389166084,10.1064284,3.198673118
80,80,601,1,7,-71.0167,42.201,13.8,13.8,8.64476,0,18.1,0,0.693,6.193,92.6,1.7912,24,666,20.2,396.9,15.17,-0.159266765,1.139879086,9.532423871,2.624668592
80,80,602,1,7,-71.02,42.1993,12.7,12.7,13.3598,0,18.1,0,0.693,5.887,94.7,1.7821,24,666,20.2,396.9,16.35,-0.159266765,1.103803721,9.449357272,2.541601993
80,80,603,1,7,-71.022,42.1996,13.1,13.1,8.71675,0,18.1,0,0.693,6.471,98.8,1.7257,24,666,20.2,391.98,17.12,-0.159266765,1.117271296,9.480367509,2.57261223
80,80,604,1,7,-71.026,42.1993,12.5,12.5,5.87205,0,18.1,0,0.693,6.405,96,1.6768,24,666,20.2,396.9,19.37,-0.159266765,1.096910013,9.433483923,2.525728644
80,80,605,1,7,-71.025,42.2024,8.5,8.5,7.67202,0,18.1,0,0.693,5.747,98.9,1.6334,24,666,20.2,393.1,19.92,-0.159266765,0.929418926,9.047821442,2.140066163
80,80,606,1,7,-71.023,42.209,5,5,38.3518,0,18.1,0,0.693,5.453,100,1.4896,24,666,20.2,396.9,30.59,-0.159266765,0.698970004,8.517193191,1.609437912
80,80,607,1,7,-71.033,42.2032,6.3,6.3,9.91655,0,18.1,0,0.693,5.852,77.8,1.5004,24,666,20.2,338.16,29.97,-0.159266765,0.799340549,8.748304912,1.840549633
80,80,608,1,7,-71.0326,42.2011,5.6,5.6,25.0461,0,18.1,0,0.693,5.987,100,1.5888,24,666,20.2,396.9,26.77,-0.159266765,0.748188027,8.630521877,1.722766598
80,80,609,1,7,-71.03,42.2015,7.2,7.2,14.2362,0,18.1,0,0.693,6.343,100,1.5741,24,666,20.2,396.9,20.32,-0.159266765,0.857332496,8.881836305,1.974081026
80,80,610,1,7,-71.03,42.1988,12.1,12.1,9.59571,0,18.1,0,0.693,6.404,100,1.639,24,666,20.2,376.11,20.31,-0.159266765,1.08278537,9.400960732,2.493205453
80,80,612,1,7,-71.0332,42.198,8.3,8.3,24.8017,0,18.1,0,0.693,5.349,96,1.7028,24,666,20.2,396.9,19.77,-0.159266765,0.919078092,9.024010794,2.116255515
80,80,613,1,7,-71.0345,42.2001,8.5,8.5,41.5292,0,18.1,0,0.693,5.531,85.4,1.6074,24,666,20.2,329.46,27.38,-0.159266765,0.929418926,9.047821442,2.140066163
80,80,614,1,7,-71.032,42.2057,5,5,67.9208,0,18.1,0,0.693,5.683,100,1.4254,24,666,20.2,384.97,22.98,-0.159266765,0.698970004,8.517193191,1.609437912
0,0,2011,1,8,-70.955,42.255,24,24,0.00632,18,2.31,0,0.538,6.575,65.2,4.09,1,296,15.3,396.9,4.98,-0.269217724,1.380211242,10.08580911,3.17805383
5,5,2081,1,8,-71,42.27,18.9,18.9,0.06417,0,5.96,0,0.499,5.933,68.2,3.3603,5,279,19.2,396.9,9.68,-0.301899454,1.276461804,9.846917201,2.939161922
5,5,2082,1,8,-71.008,42.2745,20,20,0.09744,0,5.96,0,0.499,5.841,61.4,3.3779,5,279,19.2,377.56,11.41,-0.301899454,1.301029996,9.903487553,2.995732274
5,5,2083,1,8,-71.004,42.2865,21,21,0.08014,0,5.96,0,0.499,5.85,41.5,3.9342,5,279,19.2,396.9,8.77,-0.301899454,1.322219295,9.952277717,3.044522438
5,5,2084,1,8,-71.02,42.2875,24.7,24.2,0.17505,0,5.96,0,0.499,5.966,30.2,3.8473,5,279,19.2,393.43,10.13,-0.301899454,1.383815366,10.09410791,3.186352633
6,6,2091,1,8,-71.013,42.313,30.8,30.8,0.02763,75,2.95,0,0.428,6.595,21.8,5.4011,3,252,18.3,395.63,4.32,-0.368556231,1.488550717,10.33526997,3.42751469
6,6,2092,1,8,-71.03,42.324,34.9,34.9,0.03359,75,2.95,0,0.428,7.024,15.8,5.4011,3,252,18.3,395.62,1.98,-0.368556231,1.542825427,10.46024211,3.552486829
13,13,2171,1,8,-70.9385,42.346,23.3,23.3,0.15445,25,5.13,0,0.453,6.145,29.2,7.8148,8,284,19.7,390.68,6.86,-0.343901798,1.367355921,10.05620864,3.148453361
13,13,2172,1,8,-70.94,42.332,19.6,19.6,0.10328,25,5.13,0,0.453,5.927,47.2,6.932,8,284,19.7,396.9,9.22,-0.343901798,1.292256071,9.883284845,2.975529566
13,13,2173,1,8,-70.93,42.337,18.7,18.7,0.14932,25,5.13,0,0.453,5.741,66.2,7.2254,8,284,19.7,395.11,13.15,-0.343901798,1.271841607,9.836278803,2.928523524
13,13,2174,1,8,-70.93,42.3275,16,16,0.17171,25,5.13,0,0.453,5.966,93.4,6.8185,8,284,19.7,378.08,14.44,-0.343901798,1.204119983,9.680344001,2.772588722
13,13,2175,1,8,-70.9215,42.332,22.2,22.2,0.11027,25,5.13,0,0.453,6.456,67.8,7.2255,8,284,19.7,396.9,6.73,-0.343901798,1.346352974,10.00784757,3.100092289
13,13,2176,1,8,-70.9075,42.339,25,25,0.1265,25,5.13,0,0.453,6.762,43.4,7.9809,8,284,19.7,395.58,9.5,-0.343901798,1.397940009,10.1266311,3.218875825
22,22,3371,1,8,-71.053,42.283,22.9,22.9,0.04203,28,15.04,0,0.464,6.442,53.6,3.6659,4,270,18.2,395.01,8.16,-0.333482019,1.359835482,10.03889219,3.131136911
22,22,3372,1,8,-71.062,42.296,25,25,0.02875,28,15.04,0,0.464,6.211,28.9,3.6659,4,270,18.2,396.33,6.21,-0.333482019,1.397940009,10.1266311,3.218875825
22,22,3373,1,8,-71.0615,42.284,20.6,20.6,0.04294,28,15.04,0,0.464,6.249,77.3,3.615,4,270,18.2,396.9,10.59,-0.333482019,1.31386722,9.933046355,3.025291076
34,34,3611,1,8,-71.22,42.2715,33.3,33.3,0.04011,80,1.52,0,0.404,7.287,34.1,7.309,2,329,12.6,396.9,4.08,-0.393618635,1.522444234,10.41331268,3.505557397
34,34,3612,1,8,-71.24,42.2725,30.3,30.3,0.04666,80,1.52,0,0.404,7.107,36.6,7.309,2,329,12.6,354.31,8.61,-0.393618635,1.481442629,10.31890299,3.411147713
34,34,3613,1,8,-71.222,42.289,34.6,34.6,0.03768,80,1.52,0,0.404,7.274,38.3,7.309,2,329,12.6,392.2,6.62,-0.393618635,1.539076099,10.45160896,3.543853682
44,44,3861,1,8,-71.223,42.145,44,44,0.01538,90,3.75,0,0.394,7.454,34.2,6.3361,3,244,15.9,386.34,3.11,-0.404503778,1.643452676,10.69194491,3.784189634
79,79,407,1,8,-71.041,42.229,10.9,10.9,15.8744,0,18.1,0,0.671,6.545,99.1,1.5192,24,666,20.2,396.9,21.08,-0.17327748,1.037426498,9.296518068,2.388762789
79,79,501,1,8,-71.023,42.2287,11.3,11.3,9.18702,0,18.1,0,0.7,5.536,100,1.5804,24,666,20.2,396.9,23.6,-0.15490196,1.053078443,9.332558005,2.424802726
79,79,502,1,8,-71.0215,42.227,12.3,12.3,7.99248,0,18.1,0,0.7,5.52,100,1.5331,24,666,20.2,396.9,24.56,-0.15490196,1.089905111,9.417354541,2.509599262
79,79,503,1,8,-71.0245,42.2235,8.8,8.8,20.0849,0,18.1,0,0.7,4.368,91.2,1.4395,24,666,20.2,285.83,30.63,-0.15490196,0.944482672,9.082507,2.174751721
79,79,504,1,8,-71.0235,42.2213,7.2,7.2,16.8118,0,18.1,0,0.7,5.277,98.1,1.4261,24,666,20.2,396.9,30.81,-0.15490196,0.857332496,8.881836305,1.974081026
79,79,506,1,8,-71.0228,42.2231,10.5,10.5,24.3938,0,18.1,0,0.7,4.652,100,1.4672,24,666,20.2,396.9,28.28,-0.15490196,1.021189299,9.259130536,2.351375257
79,79,507,1,8,-71.0215,42.2248,7.4,7.4,22.5971,0,18.1,0,0.7,5,89.5,1.5184,24,666,20.2,396.9,31.99,-0.15490196,0.86923172,8.909235279,2.00148
79,79,508,1,8,-71.0195,42.2255,10.2,10.2,14.3337,0,18.1,0,0.7,4.88,100,1.5895,24,666,20.2,372.92,30.62,-0.15490196,1.008600172,9.230142999,2.32238772
79,79,509,1,8,-71.0168,42.2281,11.5,11.5,8.15174,0,18.1,0,0.7,5.39,98.9,1.7281,24,666,20.2,396.9,20.85,-0.15490196,1.06069784,9.350102314,2.442347035
79,79,510,1,8,-71.0109,42.23,15.1,15.1,6.96215,0,18.1,0,0.7,5.713,97,1.9265,24,666,20.2,394.43,17.11,-0.15490196,1.178976947,9.622450023,2.714694744
79,79,511,1,8,-71.0035,42.233,23.2,23.2,5.29305,0,18.1,0,0.7,6.051,82.5,2.1678,24,666,20.2,378.38,18.76,-0.15490196,1.365487985,10.05190756,3.144152279
79,79,512,1,8,-71.02,42.2205,9.7,9.7,11.5779,0,18.1,0,0.7,5.036,97,1.77,24,666,20.2,396.9,25.68,-0.15490196,0.986771734,9.179881164,2.272125886
4,4,2051,1,9,-70.9645,42.292,20.4,20.4,0.62976,0,8.14,0,0.538,5.949,61.8,4.7075,4,307,21,396.9,8.26,-0.269217724,1.309630167,9.92329018,3.015534901
4,4,2052,1,9,-70.972,42.287,18.2,18.2,0.63796,0,8.14,0,0.538,6.096,84.5,4.4619,4,307,21,380.02,10.26,-0.269217724,1.260071388,9.809176873,2.901421594
4,4,2053,1,9,-70.9765,42.294,19.9,19.9,0.62739,0,8.14,0,0.538,5.834,56.5,4.4986,4,307,21,395.62,8.47,-0.269217724,1.298853076,9.898475011,2.990719732
4,4,2054,1,9,-70.987,42.2985,23.1,23.1,1.05393,0,8.14,0,0.538,5.935,29.3,4.4986,4,307,21,386.85,6.58,-0.269217724,1.36361198,10.0475879,3.139832618
4,4,2055,1,9,-70.978,42.285,17.5,17.5,0.7842,0,8.14,0,0.538,5.99,81.7,4.2579,4,307,21,386.75,14.67,-0.269217724,1.243038049,9.76995616,2.862200881
4,4,2056,1,9,-70.9925,42.2825,20.2,20.2,0.80271,0,8.14,0,0.538,5.456,36.6,3.7965,4,307,21,288.99,11.69,-0.269217724,1.305351369,9.913437883,3.005682604
4,4,2057,1,9,-70.988,42.2776,18.2,18.2,0.7258,0,8.14,0,0.538,5.727,69.5,3.7965,4,307,21,390.95,11.28,-0.269217724,1.260071388,9.809176873,2.901421594
4,4,2058,1,9,-70.9835,42.277,13.6,13.6,1.25179,0,8.14,0,0.538,5.57,98.1,3.7979,4,307,21,376.57,21.02,-0.269217724,1.133538908,9.517825072,2.610069793
4,4,2059,1,9,-70.982,42.281,19.6,19.6,0.85204,0,8.14,0,0.538,5.965,89.2,4.0123,4,307,21,392.53,13.83,-0.269217724,1.292256071,9.883284845,2.975529566
4,4,2060,1,9,-70.9775,42.279,15.2,15.2,1.23247,0,8.14,0,0.538,6.142,91.7,3.9769,4,307,21,396.9,18.72,-0.269217724,1.181843588,9.629050707,2.721295428
4,4,2061,1,9,-70.973,42.279,14.5,14.5,0.98843,0,8.14,0,0.538,5.813,100,4.0952,4,307,21,394.54,19.88,-0.269217724,1.161368002,9.581903928,2.674148649
4,4,2062,1,9,-70.9693,42.2816,15.6,15.6,0.75026,0,8.14,0,0.538,5.924,94.1,4.3996,4,307,21,394.33,16.3,-0.269217724,1.193124598,9.655026193,2.747270914
4,4,2063,1,9,-70.964,42.284,13.9,13.9,0.84054,0,8.14,0,0.538,5.599,85.7,4.4546,4,307,21,303.42,16.51,-0.269217724,1.1430148,9.539644119,2.63188884
4,4,2064,1,9,-70.9597,42.287,16.6,16.6,0.67191,0,8.14,0,0.538,5.813,90.3,4.682,4,307,21,376.88,14.81,-0.269217724,1.220108088,9.717157974,2.809402695
4,4,2065,1,9,-70.9597,42.2825,14.8,14.8,0.95577,0,8.14,0,0.538,6.047,88.8,4.4534,4,307,21,306.38,17.28,-0.269217724,1.170261715,9.60238246,2.694627181
4,4,2066,1,9,-70.957,42.28,18.4,18.4,0.77299,0,8.14,0,0.538,6.495,94.4,4.4547,4,307,21,387.94,12.8,-0.269217724,1.264817823,9.820105944,2.912350665
4,4,2067,1,9,-70.951,42.278,21,21,1.00245,0,8.14,0,0.538,6.674,87.3,4.239,4,307,21,380.23,11.98,-0.269217724,1.322219295,9.952277717,3.044522438
4,4,2068,1,9,-70.967,42.279,12.7,12.7,1.13081,0,8.14,0,0.538,5.713,94.1,4.233,4,307,21,360.17,22.6,-0.269217724,1.103803721,9.449357272,2.541601993
4,4,2069,1,9,-70.964,42.2765,14.5,14.5,1.35472,0,8.14,0,0.538,6.072,100,4.175,4,307,21,376.73,13.04,-0.269217724,1.161368002,9.581903928,2.674148649
4,4,2070,1,9,-70.972,42.2765,13.2,13.2,1.38799,0,8.14,0,0.538,5.95,82,3.99,4,307,21,232.6,27.71,-0.269217724,1.120573931,9.487972109,2.58021683
4,4,2071,1,9,-70.9795,42.276,13.1,13.1,1.15172,0,8.14,0,0.538,5.701,95,3.7872,4,307,21,358.77,18.35,-0.269217724,1.117271296,9.480367509,2.57261223
4,4,2072,1,9,-70.9775,42.272,13.5,13.5,1.61282,0,8.14,0,0.538,6.096,96.9,3.7598,4,307,21,248.31,20.34,-0.269217724,1.130333768,9.510444964,2.602689685
30,30,3571,1,9,-71.1,42.2408,37.2,37.2,0.0578,0,2.46,0,0.488,6.98,58.4,2.829,3,193,17.8,396.9,5.04,-0.311580178,1.57054294,10.52406404,3.616308761
30,30,3572,1,9,-71.0995,42.2345,39.8,39.8,0.06588,0,2.46,0,0.488,7.765,83.3,2.741,3,193,17.8,395.56,7.56,-0.311580178,1.599883072,10.59162219,3.683866912
30,30,3573,1,9,-71.0966,42.2282,36.2,36.2,0.06888,0,2.46,0,0.488,6.144,62.2,2.5979,3,193,17.8,396.9,9.45,-0.311580178,1.558708571,10.4968144,3.589059119
30,30,3574,1,9,-71.1005,42.2287,37.9,37.9,0.09103,0,2.46,0,0.488,7.155,92.2,2.7006,3,193,17.8,394.12,4.82,-0.311580178,1.57863921,10.54270639,3.634951112
30,30,3575,1,9,-71.1065,42.23,32.5,32.5,0.10008,0,2.46,0,0.488,6.563,95.6,2.847,3,193,17.8,396.9,5.68,-0.311580178,1.511883361,10.38899537,3.481240089
30,30,3576,1,9,-71.112,42.23,26.4,26.4,0.08308,0,2.46,0,0.488,5.604,89.8,2.9879,3,193,17.8,391,13.98,-0.311580178,1.421603927,10.18111929,3.27336401
30,30,3577,1,9,-71.1175,42.235,29.6,29.6,0.06047,0,2.46,0,0.488,6.153,68.8,3.2797,3,193,17.8,387.11,13.15,-0.311580178,1.471291711,10.29552964,3.387774361
32,32,3591,1,9,-71.1525,42.3,31.1,31.1,0.02187,60,2.93,0,0.401,6.8,9.9,6.2196,1,265,15.6,393.37,5.03,-0.396855627,1.492760389,10.3449631,3.437207819
32,32,3592,1,9,-71.1633,42.303,29.1,29.1,0.01439,60,2.93,0,0.401,6.604,18.8,6.2196,1,265,15.6,376.7,4.38,-0.396855627,1.463892989,10.27849345,3.370738174
51,51,4071,1,9,-71.2135,42.1,22,22,0.01096,55,2.25,0,0.389,6.453,31.9,7.3073,1,300,15.3,394.72,8.23,-0.410050399,1.342422681,9.998797732,3.091042453
62,62,4211,1,9,-71.0115,42.0865,17.1,17.1,0.05023,35,6.06,0,0.4379,5.706,28.4,6.6407,1,304,16.9,394.02,12.43,-0.358625055,1.23299611,9.746833742,2.839078464
62,62,4212,1,9,-70.996,42.0895,19.4,19.4,0.03466,35,6.06,0,0.4379,6.031,23.3,6.6407,1,304,16.9,362.25,7.83,-0.358625055,1.28780173,9.873028345,2.965273066
18,18,3331,1,10,-71.1105,42.289,24.1,24.1,0.07896,0,12.83,0,0.437,6.273,6,4.2515,5,398,18.7,394.92,6.78,-0.359518563,1.382017043,10.08996712,3.18221184
18,18,3332,1,10,-71.1,42.2875,21.4,21.4,0.09512,0,12.83,0,0.437,6.286,45,4.5026,5,398,18.7,383.23,8.94,-0.359518563,1.330413773,9.971146201,3.063390922
18,18,3333,1,10,-71.09,42.2835,20,20,0.10153,0,12.83,0,0.437,6.279,74.5,4.0522,5,398,18.7,373.66,11.97,-0.359518563,1.301029996,9.903487553,2.995732274
18,18,3334,1,10,-71.076,42.2895,20.8,20.8,0.08707,0,12.83,0,0.437,6.14,45.8,4.0905,5,398,18.7,386.96,10.27,-0.359518563,1.318063335,9.942708266,3.034952987
18,18,3335,1,10,-71.0905,42.295,21.2,21.2,0.05646,0,12.83,0,0.437,6.232,53.7,5.0141,5,398,18.7,386.4,12.34,-0.359518563,1.326335861,9.961756461,3.054001182
18,18,3336,1,10,-71.091,42.305,20.3,20.3,0.08387,0,12.83,0,0.437,5.874,36.6,4.5026,5,398,18.7,396.06,9.1,-0.359518563,1.307496038,9.918376165,3.010620886
20,20,3351,1,10,-71.043,42.3075,23.9,23.9,0.05059,0,4.49,0,0.449,6.389,48,4.7794,3,247,18.5,396.9,9.62,-0.347753659,1.378397901,10.08163374,3.173878459
20,20,3352,1,10,-71.05,42.3,26.6,26.6,0.05735,0,4.49,0,0.449,6.63,56.1,4.4377,3,247,18.5,392.3,6.53,-0.347753659,1.424881637,10.18866649,3.280911216
20,20,3353,1,10,-71.033,42.305,22.5,22.5,0.05188,0,4.49,0,0.449,6.015,45.1,4.4272,3,247,18.5,395.99,12.86,-0.347753659,1.352182518,10.02127059,3.113515309
20,20,3354,1,10,-71.039,42.2885,22.2,22.2,0.07151,0,4.49,0,0.449,6.121,56.8,3.7476,3,247,18.5,395.15,8.44,-0.347753659,1.346352974,10.00784757,3.100092289
26,26,3421,1,10,-71.0243,42.2483,22,22,0.06899,0,25.65,0,0.581,5.87,69.7,2.2577,2,188,19.1,389.15,14.37,-0.235823868,1.342422681,9.998797732,3.091042453
26,26,3422,1,10,-71.0312,42.2505,20.3,20.3,0.07165,0,25.65,0,0.581,6.004,84.1,2.1974,2,188,19.1,377.67,14.27,-0.235823868,1.307496038,9.918376165,3.010620886
26,26,3423,1,10,-71.0377,42.247,20.5,20.5,0.09299,0,25.65,0,0.581,5.961,92.9,2.0869,2,188,19.1,378.09,17.93,-0.235823868,1.311753861,9.928180165,3.020424886
26,26,3424,1,10,-71.037,42.2435,17.3,17.3,0.15038,0,25.65,0,0.581,5.856,97,1.9444,2,188,19.1,370.31,25.41,-0.235823868,1.238046103,9.75846178,2.850706502
26,26,3425,1,10,-71.0308,42.245,18.8,18.8,0.09849,0,25.65,0,0.581,5.879,95.8,2.0063,2,188,19.1,379.38,17.58,-0.235823868,1.274157849,9.841612149,2.93385687
26,26,3426,1,10,-71.0262,42.2431,21.4,21.4,0.16902,0,25.65,0,0.581,5.986,88.4,1.9929,2,188,19.1,385.02,14.81,-0.235823868,1.330413773,9.971146201,3.063390922
26,26,3427,1,10,-71.0333,42.2395,15.7,15.7,0.38735,0,25.65,0,0.581,5.613,95.6,1.7572,2,188,19.1,359.29,27.26,-0.235823868,1.195899652,9.661415991,2.753660712
31,31,3581,1,10,-71.122,42.2565,32,32,0.07875,45,3.44,0,0.437,6.782,41.1,3.7886,5,398,15.2,393.87,6.68,-0.359518563,1.505149978,10.37349118,3.465735903
31,31,3583,1,10,-71.1408,42.255,29.8,29.8,0.12579,45,3.44,0,0.437,6.556,29.1,4.5667,5,398,15.2,382.84,4.56,-0.359518563,1.474216264,10.30226367,3.394508394
31,31,3584,1,10,-71.145,42.2651,34.9,34.9,0.0837,45,3.44,0,0.437,7.185,38.9,4.5667,5,398,15.2,396.9,5.39,-0.359518563,1.542825427,10.46024211,3.552486829
31,31,3585,1,10,-71.1216,42.27,37,33,0.09068,45,3.44,0,0.437,6.951,21.5,6.4798,5,398,15.2,377.68,5.1,-0.359518563,1.51851394,10.40426284,3.496507561
31,31,3586,1,10,-71.1485,42.2765,30.5,30.5,0.06911,45,3.44,0,0.437,6.739,30.8,6.4798,5,398,15.2,389.71,4.69,-0.359518563,1.484299839,10.32548196,3.417726684
31,31,3587,1,10,-71.134,42.2785,36.4,36.4,0.08664,45,3.44,0,0.437,7.178,26.3,6.4798,5,398,15.2,390.49,2.87,-0.359518563,1.561101384,10.50232405,3.594568775
37,37,3671,1,10,-71.199,42.232,48.5,48.5,0.0351,95,2.68,0,0.4161,7.853,33.2,5.118,4,224,14.7,392.78,3.81,-0.380802284,1.685741739,10.78931908,3.881563798
61,61,4201,1,10,-71.0275,42.113,19.3,19.3,0.06617,0,3.24,0,0.46,5.868,25.8,5.2146,4,430,16.9,382.44,9.97,-0.337242168,1.285557309,9.867860375,2.960105096
61,61,4202,1,10,-71.0415,42.115,22.6,22.6,0.06724,0,3.24,0,0.46,6.333,17.2,5.2146,4,430,16.9,375.21,7.34,-0.337242168,1.354108439,10.02570519,3.117949906
61,61,4203,1,10,-71.025,42.098,19.8,19.8,0.04544,0,3.24,0,0.46,6.144,32.2,5.8736,4,430,16.9,368.57,9.09,-0.337242168,1.29666519,9.893437217,2.985681938
85.1,85,1101,1,10,-71.066,42.178,19.1,19.1,4.42228,0,18.1,0,0.584,6.003,94.5,2.5403,24,666,20.2,331.29,21.32,-0.233587153,1.281033367,9.857443614,2.949688335
85.2,85,1102,1,10,-71.07,42.168,19.1,19.1,15.5757,0,18.1,0,0.58,5.926,71,2.9084,24,666,20.2,368.74,18.13,-0.236572006,1.281033367,9.857443614,2.949688335
85.2,85,1103,1,10,-71.069,42.1725,20.1,20.1,13.0751,0,18.1,0,0.58,5.713,56.7,2.8237,24,666,20.2,396.9,14.76,-0.236572006,1.303196057,9.908475094,3.000719815
85.2,85,1104,1,10,-71.074,42.168,19.9,19.9,4.34879,0,18.1,0,0.58,6.167,84,3.0334,24,666,20.2,396.9,16.29,-0.236572006,1.298853076,9.898475011,2.990719732
85.2,85,1106,1,10,-71.0833,42.175,23.2,23.2,3.56868,0,18.1,0,0.58,6.437,75,2.8965,24,666,20.2,393.37,14.36,-0.236572006,1.365487985,10.05190756,3.144152279
85.3,85,1105,1,10,-71.0825,42.1698,19.6,19.6,4.03841,0,18.1,0,0.532,6.229,90.7,3.0993,24,666,20.2,395.33,12.87,-0.274088368,1.292256071,9.883284845,2.975529566
2,2,2031,0,11,-70.928,42.293,33.4,33.4,0.03237,0,2.18,0,0.458,6.998,45.8,6.0622,3,222,18.7,394.63,2.94,-0.339134522,1.523746467,10.41631118,3.5085559
2,2,2032,0,11,-70.922,42.298,36.2,36.2,0.06905,0,2.18,0,0.458,7.147,54.2,6.0622,3,222,18.7,396.9,5.33,-0.339134522,1.558708571,10.4968144,3.589059119
2,2,2033,0,11,-70.9165,42.304,28.7,28.7,0.02985,0,2.18,0,0.458,6.43,58.7,6.0622,3,222,18.7,394.12,5.21,-0.339134522,1.457881897,10.2646524,3.356897123
7,7,2101,0,11,-71.004,42.335,26.6,26.6,0.12744,0,6.91,0,0.448,6.77,2.9,5.7209,3,233,17.9,385.41,4.84,-0.348721986,1.424881637,10.18866649,3.280911216
7,7,2102,0,11,-71.003,42.3235,25.3,25.3,0.1415,0,6.91,0,0.448,6.169,6.6,5.7209,3,233,17.9,383.37,5.81,-0.348721986,1.403120521,10.13855967,3.230804396
7,7,2103,0,11,-70.9775,42.3237,24.7,24.7,0.15936,0,6.91,0,0.448,6.211,6.5,5.7209,3,233,17.9,394.46,7.44,-0.348721986,1.392696953,10.11455852,3.206803244
7,7,2104,0,11,-70.9675,42.317,21.2,21.2,0.12269,0,6.91,0,0.448,6.069,40,5.7209,3,233,17.9,389.39,9.55,-0.348721986,1.326335861,9.961756461,3.054001182
7,7,2105,0,11,-70.9725,42.3075,19.3,19.3,0.17142,0,6.91,0,0.448,5.682,33.8,5.1004,3,233,17.9,396.9,10.21,-0.348721986,1.285557309,9.867860375,2.960105096
7,7,2106,0,11,-70.965,42.3075,20,20,0.18836,0,6.91,0,0.448,5.786,33.3,5.1004,3,233,17.9,396.9,14.15,-0.348721986,1.301029996,9.903487553,2.995732274
7,7,2107,0,11,-70.956,42.3125,16.6,16.6,0.22927,0,6.91,0,0.448,6.03,85.5,5.6894,3,233,17.9,392.74,18.8,-0.348721986,1.220108088,9.717157974,2.809402695
7,7,2108,0,11,-70.955,42.3165,14.4,14.4,0.25387,0,6.91,0,0.448,5.399,95.3,5.87,3,233,17.9,396.9,30.81,-0.348721986,1.158362492,9.574983486,2.667228207
7,7,2109,0,11,-70.9525,42.3208,19.4,19.4,0.21977,0,6.91,0,0.448,5.602,62,6.0877,3,233,17.9,396.9,16.2,-0.348721986,1.28780173,9.873028345,2.965273066
11,11,2151,0,11,-70.93,42.374,24.7,24.7,0.02055,85,0.74,0,0.41,6.383,35.7,9.1876,2,313,17.3,396.9,5.77,-0.387216143,1.392696953,10.11455852,3.206803244
17,17,3321,0,11,-71.121,42.316,24.2,24.2,0.08826,0,10.81,0,0.413,6.417,6.6,5.2873,4,305,19.2,383.73,6.72,-0.384049948,1.383815366,10.09410791,3.186352633
17,17,3322,0,11,-71.1095,42.3008,21.7,21.7,0.15876,0,10.81,0,0.413,5.961,17.5,5.2873,4,305,19.2,376.94,9.88,-0.384049948,1.336459734,9.98506754,3.077312261
17,17,3323,0,11,-71.13,42.305,22.8,22.8,0.09164,0,10.81,0,0.413,6.065,7.8,5.2873,4,305,19.2,390.91,5.52,-0.384049948,1.357934847,10.03451581,3.126760536
17,17,3324,0,11,-71.123,42.292,23.4,23.4,0.19539,0,10.81,0,0.413,6.245,6.2,5.2873,4,305,19.2,377.17,7.54,-0.384049948,1.369215857,10.0604913,3.152736022
19,19,3341,0,11,-71.0685,42.308,28,28,0.04113,25,4.86,0,0.426,6.727,33.5,5.4007,4,281,19,396.9,5.29,-0.370590401,1.447158031,10.23995979,3.33220451
19,19,3342,0,11,-71.069,42.315,23.9,23.9,0.04462,25,4.86,0,0.426,6.619,70.4,5.4007,4,281,19,395.63,7.22,-0.370590401,1.378397901,10.08163374,3.173878459
19,19,3343,0,11,-71.0675,42.326,24.8,24.8,0.03659,25,4.86,0,0.426,6.302,32.2,5.4007,4,281,19,396.9,6.72,-0.370590401,1.394451681,10.11859893,3.210843653
19,19,3344,0,11,-71.0575,42.317,22.9,22.9,0.03551,25,4.86,0,0.426,6.167,46.7,5.4007,4,281,19,390.64,7.51,-0.370590401,1.359835482,10.03889219,3.131136911
25,25,3411,0,11,-71.0475,42.261,22.8,22.8,0.10084,0,10.01,0,0.547,6.715,81.6,2.6775,6,432,17.8,395.59,10.16,-0.262012674,1.357934847,10.03451581,3.126760536
25,25,3412,0,11,-71.049,42.253,18.8,18.8,0.12329,0,10.01,0,0.547,5.913,92.9,2.3534,6,432,17.8,394.95,16.21,-0.262012674,1.274157849,9.841612149,2.93385687
25,25,3413,0,11,-71.0428,42.258,18.7,18.7,0.22212,0,10.01,0,0.547,6.092,95.4,2.548,6,432,17.8,396.9,17.09,-0.262012674,1.271841607,9.836278803,2.928523524
25,25,3414,0,11,-71.0396,42.2512,18.5,18.5,0.14231,0,10.01,0,0.547,6.254,84.2,2.2565,6,432,17.8,388.74,10.45,-0.262012674,1.267171728,9.825526011,2.917770732
25,25,3415,0,11,-71.0355,42.2545,18.3,18.3,0.17134,0,10.01,0,0.547,5.928,88.2,2.4631,6,432,17.8,344.91,15.76,-0.262012674,1.26245109,9.814656339,2.90690106
25,25,3416,0,11,-71.036,42.2608,21.2,21.2,0.13158,0,10.01,0,0.547,6.176,72.5,2.7301,6,432,17.8,393.3,12.04,-0.262012674,1.326335861,9.961756461,3.054001182
25,25,3417,0,11,-71.0285,42.262,19.2,19.2,0.15098,0,10.01,0,0.547,6.021,82.6,2.7474,6,432,17.8,394.51,10.3,-0.262012674,1.283301229,9.862665558,2.954910279
25,25,3418,0,11,-71.0285,42.258,20.4,20.4,0.13058,0,10.01,0,0.547,5.872,73.1,2.4775,6,432,17.8,338.63,15.37,-0.262012674,1.309630167,9.92329018,3.015534901
25,25,3419,0,11,-71.019,42.2605,19.3,19.3,0.14476,0,10.01,0,0.547,5.731,65.2,2.7592,6,432,17.8,391.5,13.61,-0.262012674,1.285557309,9.867860375,2.960105096
27,27,3501,0,11,-71.053,42.2355,16.2,16.2,0.25915,0,21.89,0,0.624,5.693,96,1.7883,4,437,21.2,392.11,17.19,-0.20481541,1.209515015,9.692766521,2.785011242
27,27,3502,0,11,-71.058,42.235,18,18,0.32543,0,21.89,0,0.624,6.431,98.8,1.8125,4,437,21.2,396.9,15.39,-0.20481541,1.255272505,9.798127037,2.890371758
27,27,3503,0,11,-71.0638,42.2368,14.3,14.3,0.88125,0,21.89,0,0.624,5.637,94.7,1.9799,4,437,21.2,396.9,18.34,-0.20481541,1.155336037,9.568014816,2.660259537
27,27,3504,0,11,-71.0692,42.239,19.2,19.2,0.34006,0,21.89,0,0.624,6.458,98.9,2.1185,4,437,21.2,395.04,12.6,-0.20481541,1.283301229,9.862665558,2.954910279
27,27,3505,0,11,-71.075,42.24,19.6,19.6,1.19294,0,21.89,0,0.624,6.326,97.7,2.271,4,437,21.2,396.9,12.26,-0.20481541,1.292256071,9.883284845,2.975529566
27,27,3506,0,11,-71.0745,42.2405,23,23,0.59005,0,21.89,0,0.624,6.372,97.9,2.3274,4,437,21.2,385.76,11.12,-0.20481541,1.361727836,10.04324949,3.135494216
27,27,3507,0,11,-71.079,42.245,18.4,18.4,0.32982,0,21.89,0,0.624,5.822,95.4,2.4699,4,437,21.2,388.69,15.03,-0.20481541,1.264817823,9.820105944,2.912350665
27,27,3508,0,11,-71.076,42.2405,15.6,15.6,0.97617,0,21.89,0,0.624,5.757,98.4,2.346,4,437,21.2,262.76,17.31,-0.20481541,1.193124598,9.655026193,2.747270914
27,27,3509,0,11,-71.075,42.2362,18.1,18.1,0.55778,0,21.89,0,0.624,6.335,98.2,2.1107,4,437,21.2,394.67,16.96,-0.20481541,1.257678575,9.803667217,2.895911938
27,27,3510,0,11,-71.0677,42.2335,17.4,17.4,0.32264,0,21.89,0,0.624,5.942,93.5,1.9669,4,437,21.2,378.25,16.9,-0.20481541,1.240549248,9.764225485,2.856470206
27,27,3511,0,11,-71.063,42.2325,17.1,17.1,0.35233,0,21.89,0,0.624,6.454,98.4,1.8498,4,437,21.2,394.08,14.59,-0.20481541,1.23299611,9.746833742,2.839078464
27,27,3512,0,11,-71.062,42.2275,13.3,13.3,0.2498,0,21.89,0,0.624,5.857,98.2,1.6686,4,437,21.2,392.04,21.32,-0.20481541,1.123851641,9.495519314,2.587764035
27,27,3513,0,11,-71.0568,42.23,17.8,17.8,0.54452,0,21.89,0,0.624,6.151,97.9,1.6687,4,437,21.2,396.9,18.46,-0.20481541,1.250420002,9.786953736,2.879198457
27,27,3514,0,11,-71.0518,42.2312,14,14,0.2909,0,21.89,0,0.624,6.174,93.6,1.6119,4,437,21.2,388.08,24.16,-0.20481541,1.146128036,9.546812609,2.63905733
27,27,3515,0,11,-71.0543,42.2265,14.4,14.4,1.62864,0,21.89,0,0.624,5.019,100,1.4394,4,437,21.2,396.9,34.41,-0.20481541,1.158362492,9.574983486,2.667228207
35,35,3651,0,11,-71.244,42.2425,34.9,34.9,0.0315,95,1.47,0,0.403,6.975,15.3,7.6534,3,402,17,396.9,4.56,-0.394694954,1.542825427,10.46024211,3.552486829
35,35,3652,0,11,-71.263,42.2225,32.9,32.9,0.01778,95,1.47,0,0.403,7.135,13.9,7.6534,3,402,17,384.3,4.45,-0.394694954,1.517195898,10.40122794,3.493472658
36,36,3661,0,11,-71.2185,42.1955,24.1,24.1,0.03445,82.5,2.03,0,0.415,6.162,38.4,6.27,2,348,14.7,393.77,7.43,-0.381951903,1.382017043,10.08996712,3.18221184
36,36,3662,0,11,-71.214,42.218,42.3,42.3,0.02177,82.5,2.03,0,0.415,7.61,15.7,6.27,2,348,14.7,395.38,3.11,-0.381951903,1.626340367,10.65254237,3.744787086
38,38,3681,0,11,-71.1475,42.2445,22.6,22.6,0.13642,0,10.59,0,0.489,5.891,22.3,3.9454,4,277,18.6,396.9,10.87,-0.310691141,1.354108439,10.02570519,3.117949906
38,38,3682,0,11,-71.15,42.2308,24.4,24.4,0.22969,0,10.59,0,0.489,6.326,52.5,4.3549,4,277,18.6,394.87,10.97,-0.310691141,1.387389826,10.10233841,3.194583132
38,38,3683,0,11,-71.149,42.2268,22.5,22.5,0.25199,0,10.59,0,0.489,5.783,72.7,4.3549,4,277,18.6,389.43,18.06,-0.310691141,1.352182518,10.02127059,3.113515309
38,38,3684,0,11,-71.1503,42.222,24.4,24.4,0.13587,0,10.59,1,0.489,6.064,59.1,4.2392,4,277,18.6,381.32,14.66,-0.310691141,1.387389826,10.10233841,3.194583132
38,38,3685,0,11,-71.143,42.2217,20,20,0.43571,0,10.59,1,0.489,5.344,100,3.875,4,277,18.6,396.9,23.09,-0.310691141,1.301029996,9.903487553,2.995732274
38,38,3686,0,11,-71.1435,42.2177,21.7,21.7,0.17446,0,10.59,1,0.489,5.96,92.1,3.8771,4,277,18.6,393.25,17.27,-0.310691141,1.336459734,9.98506754,3.077312261
38,38,3687,0,11,-71.138,42.2216,19.3,19.3,0.37578,0,10.59,1,0.489,5.404,88.6,3.665,4,277,18.6,395.24,23.98,-0.310691141,1.285557309,9.867860375,2.960105096
38,38,3688,0,11,-71.1335,42.225,22.4,22.4,0.21719,0,10.59,1,0.489,5.807,53.8,3.6526,4,277,18.6,390.94,16.03,-0.310691141,1.350248018,10.01681624,3.109060959
38,38,3689,0,11,-71.1375,42.2355,28.1,28.1,0.14052,0,10.59,0,0.489,6.375,32.3,3.9454,4,277,18.6,385.81,9.38,-0.310691141,1.44870632,10.24352486,3.335769576
38,38,3690,0,11,-71.127,42.235,23.7,23.7,0.28955,0,10.59,0,0.489,5.412,9.8,3.5875,4,277,18.6,348.93,29.55,-0.310691141,1.374748346,10.07323033,3.165475048
38,38,3691,0,11,-71.1245,42.2277,25,25,0.19802,0,10.59,0,0.489,6.182,42.4,3.9454,4,277,18.6,393.63,9.47,-0.310691141,1.397940009,10.1266311,3.218875825
40,40,3731,0,11,-71.11,42.2137,26.7,26.7,0.35809,0,6.2,1,0.507,6.951,88.5,2.8617,8,307,17.4,391.7,9.71,-0.294992041,1.426511261,10.19241884,3.284663565
40,40,3732,0,11,-71.121,42.2166,21.7,21.7,0.40771,0,6.2,1,0.507,6.164,91.3,3.048,8,307,17.4,395.24,21.46,-0.294992041,1.336459734,9.98506754,3.077312261
40,40,3733,0,11,-71.125,42.2134,27.5,27.5,0.62356,0,6.2,1,0.507,6.879,77.7,3.2721,8,307,17.4,390.39,9.93,-0.294992041,1.439332694,10.22194128,3.314186005
40,40,3734,0,11,-71.1208,42.2183,30.1,30.1,0.6147,0,6.2,0,0.507,6.618,80.8,3.2721,8,307,17.4,396.9,7.6,-0.294992041,1.478566496,10.31228045,3.404525172
40,40,3735,0,11,-71.11,42.206,44.8,44.8,0.31533,0,6.2,0,0.504,8.266,78.3,2.8944,8,307,17.4,385.05,4.14,-0.297569464,1.651278014,10.70996342,3.802208139
40,40,3737,0,11,-71.1215,42.2025,37.6,37.6,0.38214,0,6.2,0,0.504,8.04,86.5,3.2157,8,307,17.4,387.38,3.13,-0.297569464,1.575187845,10.53475933,3.62700405
40,40,3738,0,11,-71.116,42.1947,31.6,31.6,0.41238,0,6.2,0,0.504,7.163,79.9,3.2157,8,307,17.4,372.08,6.36,-0.297569464,1.499687083,10.3609124,3.453157121
40,40,3739,0,11,-71.11,42.185,46.7,46.7,0.29819,0,6.2,0,0.504,7.686,17,3.3751,8,307,17.4,377.51,3.92,-0.297569464,1.669316881,10.75149944,3.843744165
40,40,3740,0,11,-71.119,42.1807,31.5,31.5,0.44178,0,6.2,0,0.504,6.552,21.4,3.3751,8,307,17.4,380.34,3.76,-0.297569464,1.498310554,10.35774282,3.449987546
40,40,3741,0,11,-71.13,42.188,24.3,24.3,0.537,0,6.2,0,0.504,5.981,68.1,3.6715,8,307,17.4,378.35,11.65,-0.297569464,1.385606274,10.09823163,3.19047635
40,40,3742,0,11,-71.1285,42.193,31.7,31.7,0.46296,0,6.2,0,0.504,7.412,76.9,3.6715,8,307,17.4,376.14,5.25,-0.297569464,1.501059262,10.36407196,3.456316681
40,40,3743,0,11,-71.14,42.1946,41.7,41.7,0.57529,0,6.2,0,0.507,8.337,73.3,3.8384,8,307,17.4,385.91,2.47,-0.294992041,1.620136055,10.63825641,3.730501129
40,40,3744,0,11,-71.134,42.204,48.3,48.3,0.33147,0,6.2,0,0.507,8.247,70.4,3.6519,8,307,17.4,378.95,3.95,-0.294992041,1.683947131,10.78518684,3.877431561
40,40,3745,0,11,-71.132,42.2142,29,29,0.44791,0,6.2,1,0.507,6.726,66.5,3.6519,8,307,17.4,360.2,8.05,-0.294992041,1.462397998,10.27505111,3.36729583
40,40,3746,0,11,-71.138,42.2141,24,24,0.33045,0,6.2,0,0.507,6.086,61.5,3.6519,8,307,17.4,376.75,10.88,-0.294992041,1.380211242,10.08580911,3.17805383
40,40,3747,0,11,-71.1485,42.211,25.1,25.1,0.52058,0,6.2,1,0.507,6.631,76.5,4.148,8,307,17.4,388.45,9.54,-0.294992041,1.399673721,10.13062313,3.222867846
40,40,3748,0,11,-71.1491,42.203,31.5,31.5,0.51183,0,6.2,0,0.507,7.358,71.6,4.148,8,307,17.4,390.07,4.73,-0.294992041,1.498310554,10.35774282,3.449987546
46,46,4021,0,11,-71.098,42.154,20.7,20.7,0.09065,20,6.96,1,0.464,5.92,61.5,3.9175,3,223,18.6,391.34,13.65,-0.333482019,1.315970345,9.937888979,3.0301337
46,46,4022,0,11,-71.087,42.141,21.1,21.1,0.29916,20,6.96,0,0.464,5.856,42.1,4.429,3,223,18.6,388.65,13,-0.333482019,1.324282455,9.957028319,3.04927304
46,46,4023,0,11,-71.094,42.1355,25.2,25.2,0.16211,20,6.96,0,0.464,6.24,16.3,4.429,3,223,18.6,396.9,6.59,-0.333482019,1.401400541,10.13459927,3.226843995
46,46,4024,0,11,-71.0982,42.1445,24.4,24.4,0.1146,20,6.96,0,0.464,6.538,58.7,3.9175,3,223,18.6,394.96,7.73,-0.333482019,1.387389826,10.10233841,3.194583132
46,46,4025,0,11,-71.117,42.151,35.2,35.2,0.22188,20,6.96,1,0.464,7.691,51.8,4.3665,3,223,18.6,390.77,6.58,-0.333482019,1.546542663,10.46880136,3.561046083
48,48,4041,0,11,-71.148,42.188,35.1,35.1,0.21038,20,3.33,0,0.4429,6.812,32.2,4.1007,5,216,14.9,396.9,4.85,-0.35369432,1.545307116,10.46595641,3.55820113
48,48,4042,0,11,-71.166,42.187,45.4,45.4,0.03578,20,3.33,0,0.4429,7.82,64.5,4.6947,5,216,14.9,387.31,3.76,-0.35369432,1.657055853,10.72326738,3.815512105
48,48,4043,0,11,-71.185,42.1848,35.4,35.4,0.03705,20,3.33,0,0.4429,6.968,37.2,5.2447,5,216,14.9,392.23,4.59,-0.35369432,1.549003262,10.4744671,3.56671182
48,48,4044,0,11,-71.1775,42.1735,46,46,0.06129,20,3.33,1,0.4429,7.645,49.7,5.2119,5,216,14.9,377.07,3.01,-0.35369432,1.662757832,10.73639668,3.828641396
50,50,4061,0,11,-71.18,42.1105,32.2,32.2,0.00906,90,2.97,0,0.4,7.088,20.8,7.3073,1,285,15.3,394.72,7.85,-0.397940009,1.507855872,10.37972173,3.471966453
53,53,4111,0,11,-71.148,42.0775,23.2,23.2,0.03871,52.5,5.32,0,0.405,6.209,31.3,7.3172,6,293,16.6,396.9,7.14,-0.392544977,1.365487985,10.05190756,3.144152279
53,53,4112,0,11,-71.1325,42.094,22.3,22.3,0.0459,52.5,5.32,0,0.405,6.315,45.6,7.3172,6,293,16.6,396.9,7.6,-0.392544977,1.348304863,10.01234196,3.104586678
53,53,4113,0,11,-71.155,42.098,24.8,24.8,0.04297,52.5,5.32,0,0.405,6.565,22.9,7.3172,6,293,16.6,371.72,9.51,-0.392544977,1.394451681,10.11859893,3.210843653
54,54,4121,0,11,-71.1385,42.1235,28.5,28.5,0.03502,80,4.95,0,0.411,6.861,27.9,5.1167,4,245,19.2,396.9,3.33,-0.386158178,1.45484486,10.25765937,3.349904087
54,54,4122,0,11,-71.133,42.1408,37.3,37.3,0.07886,80,4.95,0,0.411,7.148,27.7,5.1167,4,245,19.2,396.9,3.56,-0.386158178,1.571708832,10.52674861,3.618993327
54,54,4123,0,11,-71.107,42.1307,27.9,27.9,0.03615,80,4.95,0,0.411,6.63,23.4,5.1167,4,245,19.2,396.9,4.7,-0.386158178,1.445604203,10.23638197,3.328626689
57,57,4151,0,11,-71.0875,42.095,22,22,0.03537,34,6.09,0,0.433,6.59,40.4,5.4917,7,329,16.1,395.75,9.5,-0.363512104,1.342422681,9.998797732,3.091042453
57,57,4152,0,11,-71.0625,42.102,26.4,26.4,0.09266,34,6.09,0,0.433,6.495,18.4,5.4917,7,329,16.1,383.61,8.67,-0.363512104,1.421603927,10.18111929,3.27336401
57,57,4153,0,11,-71.0865,42.12,33.1,33.1,0.1,34,6.09,0,0.433,6.982,17.7,5.4917,7,329,16.1,390.43,4.86,-0.363512104,1.519827994,10.40728856,3.499533282
60,60,4191,0,11,-71.0085,42.129,23.8,23.8,0.1676,0,7.38,0,0.493,6.426,52.3,4.5404,5,287,19.6,396.9,7.2,-0.307153081,1.376576957,10.07744086,3.169685581
60,60,4192,0,11,-70.9975,42.134,23.1,23.1,0.18159,0,7.38,0,0.493,6.376,54.3,4.5404,5,287,19.6,396.9,6.87,-0.307153081,1.36361198,10.0475879,3.139832618
60,60,4193,0,11,-70.99,42.1367,20.4,20.4,0.35114,0,7.38,0,0.493,6.041,49.9,4.7211,5,287,19.6,396.9,7.7,-0.307153081,1.309630167,9.92329018,3.015534901
60,60,4194,0,11,-70.9834,42.1375,18.5,18.5,0.28392,0,7.38,0,0.493,5.708,74.3,4.7211,5,287,19.6,391.13,11.74,-0.307153081,1.267171728,9.825526011,2.917770732
60,60,4195,0,11,-70.9895,42.1265,25,25,0.34109,0,7.38,0,0.493,6.415,40.1,4.7211,5,287,19.6,396.9,6.12,-0.307153081,1.397940009,10.1266311,3.218875825
60,60,4196,0,11,-71,42.1066,24.6,24.6,0.19186,0,7.38,0,0.493,6.431,14.7,5.4159,5,287,19.6,393.68,5.08,-0.307153081,1.390935107,10.11050172,3.202746443
60,60,4197,0,11,-70.9995,42.1175,23,23,0.30347,0,7.38,0,0.493,6.312,28.9,5.4159,5,287,19.6,396.9,6.15,-0.307153081,1.361727836,10.04324949,3.135494216
60,60,4198,0,11,-71.01,42.1215,22.2,22.2,0.24103,0,7.38,0,0.493,6.083,43.7,5.4159,5,287,19.6,396.9,12.79,-0.307153081,1.346352974,10.00784757,3.100092289
67,67,5021,0,11,-70.947,42.0725,17.5,17.5,0.03113,0,4.39,0,0.442,6.014,48.5,8.0136,3,352,18.8,385.64,10.53,-0.354577731,1.243038049,9.76995616,2.862200881
67,67,5022,0,11,-70.9501,42.0825,17.2,17.2,0.06162,0,4.39,0,0.442,5.898,52.3,8.0136,3,352,18.8,364.61,12.67,-0.354577731,1.235528447,9.752664663,2.844909384
68,68,5031,0,11,-70.9275,42.0795,23.1,23.1,0.0187,85,4.15,0,0.429,6.516,27.7,8.5353,4,351,17.9,392.43,6.36,-0.367542708,1.36361198,10.0475879,3.139832618
70,70,5051,0,11,-70.855,42.13,26.6,26.6,0.02899,40,1.25,0,0.429,6.939,34.5,8.7921,1,335,19.7,389.85,5.89,-0.367542708,1.424881637,10.18866649,3.280911216
70,70,5052,0,11,-70.833,42.115,22.9,22.9,0.06211,40,1.25,0,0.429,6.49,44.4,8.7921,1,335,19.7,396.9,5.98,-0.367542708,1.359835482,10.03889219,3.131136911
71,71,5061,0,11,-70.83,42.0775,24.1,24.1,0.0795,60,1.69,0,0.411,6.579,35.9,10.7103,4,411,18.3,370.78,5.49,-0.386158178,1.382017043,10.08996712,3.18221184
71,71,5062,0,11,-70.81,42.059,18.6,18.6,0.07244,60,1.69,0,0.411,5.884,18.5,10.7103,4,411,18.3,392.33,7.79,-0.386158178,1.269512944,9.83091686,2.923161581
73,73,5081,0,11,-70.853,42.052,18.2,18.2,0.04301,80,1.91,0,0.413,5.663,21.9,10.5857,4,334,22,382.8,8.05,-0.384049948,1.260071388,9.809176873,2.901421594
73,73,5082,0,11,-70.8525,42.03,20.6,20.6,0.10659,80,1.91,0,0.413,5.936,19.5,10.5857,4,334,22,376.04,5.57,-0.384049948,1.31386722,9.933046355,3.025291076
74,74,1,0,11,-71.083,42.2172,17.8,17.8,8.98296,0,18.1,1,0.77,6.212,97.4,2.1222,24,666,20.2,377.73,17.6,-0.113509275,1.250420002,9.786953736,2.879198457
74,74,2,0,11,-71.095,42.212,21.7,21.7,3.8497,0,18.1,1,0.77,6.395,91,2.5052,24,666,20.2,391.34,13.27,-0.113509275,1.336459734,9.98506754,3.077312261
74,74,3,0,11,-71.1007,42.21,22.7,22.7,5.20177,0,18.1,1,0.77,6.127,83.4,2.7227,24,666,20.2,395.43,11.48,-0.113509275,1.356025857,10.0301202,3.122364924
74,74,4,0,11,-71.093,42.207,22.6,22.6,4.26131,0,18.1,0,0.77,6.112,81.3,2.5091,24,666,20.2,390.74,12.67,-0.113509275,1.354108439,10.02570519,3.117949906
74,74,5,0,11,-71.0905,42.2033,25,25,4.54192,0,18.1,0,0.77,6.398,88,2.5182,24,666,20.2,374.56,7.79,-0.113509275,1.397940009,10.1266311,3.218875825
74,74,6,0,11,-71.0865,42.21,19.9,19.9,3.83684,0,18.1,0,0.77,6.251,91.1,2.2955,24,666,20.2,350.65,14.19,-0.113509275,1.298853076,9.898475011,2.990719732
74,74,7,0,11,-71.081,42.208,20.8,20.8,3.67822,0,18.1,0,0.77,5.362,96.2,2.1036,24,666,20.2,380.79,10.19,-0.113509275,1.318063335,9.942708266,3.034952987
74,74,8,0,11,-71.0865,42.215,16.8,16.8,4.22239,0,18.1,1,0.77,5.803,89,1.9047,24,666,20.2,353.04,14.64,-0.113509275,1.225309282,9.729134165,2.821378886
77,77,301,0,11,-71.0339,42.2207,13.8,13.8,11.1081,0,18.1,0,0.668,4.906,100,1.1742,24,666,20.2,396.9,34.77,-0.175223538,1.139879086,9.532423871,2.624668592
77,77,302,0,11,-71.0346,42.2187,13.8,13.8,18.4982,0,18.1,0,0.668,4.138,100,1.137,24,666,20.2,396.9,37.97,-0.175223538,1.139879086,9.532423871,2.624668592
81.1,81,702,0,11,-71.039,42.2198,11.9,11.9,20.7162,0,18.1,0,0.659,4.138,100,1.1781,24,666,20.2,370.22,23.34,-0.181114585,1.075546961,9.384293679,2.4765384
81.1,81,703,0,11,-71.0427,42.209,27.9,27.9,11.9511,0,18.1,0,0.659,5.608,100,1.2852,24,666,20.2,332.09,12.13,-0.181114585,1.445604203,10.23638197,3.328626689
81.2,81,705,0,11,-71.0437,42.205,17.2,17.2,7.40389,0,18.1,0,0.597,5.617,97.9,1.4547,24,666,20.2,314.64,26.4,-0.224025669,1.235528447,9.752664663,2.844909384
81.2,81,706,0,11,-71.0455,42.206,27.5,27.5,14.4383,0,18.1,0,0.597,6.852,100,1.4655,24,666,20.2,179.36,19.78,-0.224025669,1.439332694,10.22194128,3.314186005
81.2,81,707,0,11,-71.0462,42.2075,15,15,51.1358,0,18.1,0,0.597,5.757,100,1.413,24,666,20.2,2.6,10.11,-0.224025669,1.176091259,9.61580548,2.708050201
81.2,81,708,0,11,-71.0487,42.2048,17.2,17.2,14.0507,0,18.1,0,0.597,6.657,100,1.5275,24,666,20.2,35.05,21.22,-0.224025669,1.235528447,9.752664663,2.844909384
81.2,81,709,0,11,-71.047,42.203,17.9,17.9,18.811,0,18.1,0,0.597,4.628,100,1.5539,24,666,20.2,28.79,34.37,-0.224025669,1.252853031,9.792555992,2.884800713
81.2,81,710,0,11,-71.0451,42.2015,16.3,16.3,28.6558,0,18.1,0,0.597,5.155,100,1.5894,24,666,20.2,210.97,20.08,-0.224025669,1.212187604,9.698920387,2.791165108
84.1,84,1001,0,11,-71.0517,42.1735,12.7,12.7,4.66883,0,18.1,0,0.713,5.976,87.9,2.5806,24,666,20.2,10.48,19.01,-0.14691047,1.103803721,9.449357272,2.541601993
84.1,84,1002,0,11,-71.0515,42.17,13.5,13.5,8.20058,0,18.1,0,0.713,5.936,80.3,2.7792,24,666,20.2,3.5,16.94,-0.14691047,1.130333768,9.510444964,2.602689685
84.1,84,1003,0,11,-71.0475,42.169,14.9,14.9,7.75223,0,18.1,0,0.713,6.301,83.7,2.7831,24,666,20.2,272.21,16.23,-0.14691047,1.173186268,9.609116492,2.701361213
84.1,84,1004,0,11,-71.043,42.169,20,20,6.80117,0,18.1,0,0.713,6.081,84.4,2.7175,24,666,20.2,396.9,14.7,-0.14691047,1.301029996,9.903487553,2.995732274
84.1,84,1005,0,11,-71.043,42.1728,16.4,16.4,4.81213,0,18.1,0,0.713,6.701,90,2.5975,24,666,20.2,255.23,16.42,-0.14691047,1.214843848,9.705036614,2.797281335
84.1,84,1006,0,11,-71.035,42.1745,17.7,17.7,3.69311,0,18.1,0,0.713,6.376,88.4,2.5671,24,666,20.2,391.43,14.65,-0.14691047,1.247973266,9.781319919,2.87356464
84.1,84,1007,0,11,-71.031,42.1695,19.5,19.5,6.65492,0,18.1,0,0.713,6.317,83,2.7344,24,666,20.2,396.9,13.99,-0.14691047,1.290034611,9.878169745,2.970414466
84.1,84,1008,0,11,-71.0358,42.1675,20.2,20.2,5.82115,0,18.1,0,0.713,6.513,89.9,2.8016,24,666,20.2,393.82,10.29,-0.14691047,1.305351369,9.913437883,3.005682604
84.2,84,1009,0,11,-71.045,42.164,21.4,21.4,7.83932,0,18.1,0,0.655,6.209,65.4,2.9634,24,666,20.2,396.9,13.22,-0.1837587,1.330413773,9.971146201,3.063390922
84.2,84,1010,0,11,-71.055,42.165,19.9,19.9,3.1636,0,18.1,0,0.655,5.759,48.2,3.0665,24,666,20.2,334.4,14.13,-0.1837587,1.298853076,9.898475011,2.990719732
84.2,84,1011,0,11,-71.055,42.1685,19,19,3.77498,0,18.1,0,0.655,5.952,84.7,2.8715,24,666,20.2,22.01,17.15,-0.1837587,1.278753601,9.852194258,2.944438979
88,88,1401,0,11,-71.0804,42.154,20.6,20.6,2.37857,0,18.1,0,0.583,5.871,41.9,3.724,24,666,20.2,370.73,13.34,-0.234331445,1.31386722,9.933046355,3.025291076
88,88,1402,0,11,-71.075,42.1455,21.2,21.2,3.67367,0,18.1,0,0.583,6.312,51.9,3.9917,24,666,20.2,388.62,10.58,-0.234331445,1.326335861,9.961756461,3.054001182
88,88,1403,0,11,-71.0715,42.155,19.1,19.1,5.69175,0,18.1,0,0.583,6.114,79.8,3.5459,24,666,20.2,392.68,14.98,-0.234331445,1.281033367,9.857443614,2.949688335
88,88,1404,0,11,-71.065,42.161,20.6,20.6,4.83567,0,18.1,0,0.583,5.905,53.2,3.1523,24,666,20.2,388.22,11.45,-0.234331445,1.31386722,9.933046355,3.025291076
89,89,1601,0,11,-71.0189,42.2344,15.2,15.2,0.15086,0,27.74,0,0.609,5.454,92.7,1.8209,4,711,20.1,395.09,18.06,-0.215382707,1.181843588,9.629050707,2.721295428
89,89,1602,0,11,-71.0228,42.2335,7,7,0.18337,0,27.74,0,0.609,5.414,98.3,1.7554,4,711,20.1,344.05,23.97,-0.215382707,0.84509804,8.853665428,1.945910149
89,89,1604,0,11,-71.0245,42.2368,8.1,8.1,0.20746,0,27.74,0,0.609,5.093,98,1.8226,4,711,20.1,318.43,29.68,-0.215382707,0.908485019,8.999619341,2.091864062
89,89,1605,0,11,-71.016,42.2382,13.6,13.6,0.10574,0,27.74,0,0.609,5.983,98.8,1.8681,4,711,20.1,390.11,18.07,-0.215382707,1.133538908,9.517825072,2.610069793
89,89,1606,0,11,-71.0297,42.2447,20.1,20.1,0.11132,0,27.74,0,0.609,5.983,83.5,2.1099,4,711,20.1,396.9,13.35,-0.215382707,1.303196057,9.908475094,3.000719815
90,90,1701,0,11,-71.0125,42.2462,21.8,21.8,0.17331,0,9.69,0,0.585,5.707,54,2.3817,6,391,19.2,396.9,12.01,-0.232844134,1.338456494,9.989665249,3.08190997
90,90,1702,0,11,-71.0125,42.25,24.5,24.5,0.27957,0,9.69,0,0.585,5.926,42.6,2.3817,6,391,19.2,396.9,13.59,-0.232844134,1.389166084,10.1064284,3.198673118
90,90,1703,0,11,-71.0105,42.2547,23.1,23.1,0.17899,0,9.69,0,0.585,5.67,28.8,2.7986,6,391,19.2,393.29,17.6,-0.232844134,1.36361198,10.0475879,3.139832618
90,90,1704,0,11,-71.001,42.2525,19.7,19.7,0.2896,0,9.69,0,0.585,5.39,72.9,2.7986,6,391,19.2,396.9,21.14,-0.232844134,1.294466226,9.888373915,2.980618636
90,90,1705,0,11,-70.9947,42.2496,18.3,18.3,0.26838,0,9.69,0,0.585,5.794,70.6,2.8927,6,391,19.2,396.9,14.1,-0.232844134,1.26245109,9.814656339,2.90690106
90,90,1706,0,11,-71.005,42.2455,21.2,21.2,0.23912,0,9.69,0,0.585,6.019,65.3,2.4091,6,391,19.2,396.9,12.92,-0.232844134,1.326335861,9.961756461,3.054001182
90,90,1707,0,11,-70.9985,42.243,17.5,17.5,0.17783,0,9.69,0,0.585,5.569,73.5,2.3999,6,391,19.2,395.77,15.1,-0.232844134,1.243038049,9.76995616,2.862200881
90,90,1708,0,11,-70.992,42.238,16.8,16.8,0.22438,0,9.69,0,0.585,6.027,79.7,2.4982,6,391,19.2,396.9,14.33,-0.232844134,1.225309282,9.729134165,2.821378886
91,91,1801,0,11,-70.986,42.2312,22.4,22.4,0.06263,0,11.93,0,0.573,6.593,69.1,2.4786,1,273,21,391.99,9.67,-0.241845378,1.350248018,10.01681624,3.109060959
91,91,1802,0,11,-70.991,42.2275,20.6,20.6,0.04527,0,11.93,0,0.573,6.12,76.7,2.2875,1,273,21,396.9,9.08,-0.241845378,1.31386722,9.933046355,3.025291076
91,91,1803,0,11,-70.9948,42.226,23.9,23.9,0.06076,0,11.93,0,0.573,6.976,91,2.1675,1,273,21,396.9,5.64,-0.241845378,1.378397901,10.08163374,3.173878459
91,91,1804,0,11,-70.9875,42.224,22,22,0.10959,0,11.93,0,0.573,6.794,89.3,2.3889,1,273,21,393.45,6.48,-0.241845378,1.342422681,9.998797732,3.091042453
91,91,1805,0,11,-70.9825,42.221,11.9,19,0.04741,0,11.93,0,0.573,6.03,80.8,2.505,1,273,21,396.9,7.88,-0.241845378,1.278753601,9.852194258,2.944438979
